CREATE TABLE artykuly (
    idzamowienia integer NOT NULL,
    idpudelka character(4) NOT NULL,
    sztuk integer NOT NULL
);

CREATE TABLE czekoladki (
    idczekoladki character(3) NOT NULL,
    nazwa character varying(30) NOT NULL,
    czekolada character varying(15),
    orzechy character varying(15),
    nadzienie character varying(15),
    opis character varying(100) NOT NULL,
    koszt numeric(7,2) NOT NULL,
    masa integer NOT NULL
);

CREATE TABLE klienci (
    idklienta integer NOT NULL,
    nazwa character varying(130) NOT NULL,
    ulica character varying(30) NOT NULL,
    miejscowosc character varying(15) NOT NULL,
    kod character(6) NOT NULL,
    telefon character varying(20) NOT NULL
);

CREATE TABLE pudelka (
    idpudelka character(4) NOT NULL,
    nazwa character varying(40) NOT NULL,
    opis character varying(150),
    cena numeric(7,2) NOT NULL,
    stan integer NOT NULL
);

CREATE TABLE zamowienia (
    idzamowienia integer NOT NULL,
    idklienta integer NOT NULL,
    datarealizacji date NOT NULL
);

CREATE TABLE zawartosc (
    idpudelka character(4) NOT NULL,
    idczekoladki character(3) NOT NULL,
    sztuk integer NOT NULL
);

INSERT INTO artykuly (idzamowienia, idpudelka, sztuk) VALUES (1, 'pean', 2);
INSERT INTO artykuly (idzamowienia, idpudelka, sztuk) VALUES (3, 'alpi', 1);
INSERT INTO artykuly (idzamowienia, idpudelka, sztuk) VALUES (3, 'love', 2);
INSERT INTO artykuly (idzamowienia, idpudelka, sztuk) VALUES (3, 'cher', 2);
INSERT INTO artykuly (idzamowienia, idpudelka, sztuk) VALUES (3, 'nort', 1);
INSERT INTO artykuly (idzamowienia, idpudelka, sztuk) VALUES (4, 'autu', 1);
INSERT INTO artykuly (idzamowienia, idpudelka, sztuk) VALUES (4, 'bitt', 2);
INSERT INTO artykuly (idzamowienia, idpudelka, sztuk) VALUES (4, 'paci', 1);
INSERT INTO artykuly (idzamowienia, idpudelka, sztuk) VALUES (5, 'autu', 2);
INSERT INTO artykuly (idzamowienia, idpudelka, sztuk) VALUES (5, 'bitt', 2);
INSERT INTO artykuly (idzamowienia, idpudelka, sztuk) VALUES (5, 'fudg', 1);
INSERT INTO artykuly (idzamowienia, idpudelka, sztuk) VALUES (5, 'isla', 1);
INSERT INTO artykuly (idzamowienia, idpudelka, sztuk) VALUES (6, 'bitt', 1);
INSERT INTO artykuly (idzamowienia, idpudelka, sztuk) VALUES (6, 'fudg', 1);
INSERT INTO artykuly (idzamowienia, idpudelka, sztuk) VALUES (6, 'heav', 2);
INSERT INTO artykuly (idzamowienia, idpudelka, sztuk) VALUES (6, 'nort', 2);
INSERT INTO artykuly (idzamowienia, idpudelka, sztuk) VALUES (6, 'pean', 1);
INSERT INTO artykuly (idzamowienia, idpudelka, sztuk) VALUES (6, 'swee', 2);
INSERT INTO artykuly (idzamowienia, idpudelka, sztuk) VALUES (7, 'pean', 1);
INSERT INTO artykuly (idzamowienia, idpudelka, sztuk) VALUES (8, 'fudg', 1);
INSERT INTO artykuly (idzamowienia, idpudelka, sztuk) VALUES (8, 'marz', 2);
INSERT INTO artykuly (idzamowienia, idpudelka, sztuk) VALUES (9, 'nort', 2);
INSERT INTO artykuly (idzamowienia, idpudelka, sztuk) VALUES (9, 'paci', 1);
INSERT INTO artykuly (idzamowienia, idpudelka, sztuk) VALUES (10, 'paci', 1);
INSERT INTO artykuly (idzamowienia, idpudelka, sztuk) VALUES (10, 'swee', 2);
INSERT INTO artykuly (idzamowienia, idpudelka, sztuk) VALUES (11, 'bitt', 1);
INSERT INTO artykuly (idzamowienia, idpudelka, sztuk) VALUES (11, 'heav', 2);
INSERT INTO artykuly (idzamowienia, idpudelka, sztuk) VALUES (11, 'pean', 1);
INSERT INTO artykuly (idzamowienia, idpudelka, sztuk) VALUES (11, 'supr', 2);
INSERT INTO artykuly (idzamowienia, idpudelka, sztuk) VALUES (11, 'swee', 1);
INSERT INTO artykuly (idzamowienia, idpudelka, sztuk) VALUES (12, 'alpi', 2);
INSERT INTO artykuly (idzamowienia, idpudelka, sztuk) VALUES (12, 'fudg', 2);
INSERT INTO artykuly (idzamowienia, idpudelka, sztuk) VALUES (12, 'roma', 1);
INSERT INTO artykuly (idzamowienia, idpudelka, sztuk) VALUES (12, 'swe2', 1);
INSERT INTO artykuly (idzamowienia, idpudelka, sztuk) VALUES (12, 'swee', 1);
INSERT INTO artykuly (idzamowienia, idpudelka, sztuk) VALUES (13, 'swee', 2);
INSERT INTO artykuly (idzamowienia, idpudelka, sztuk) VALUES (14, 'heav', 1);
INSERT INTO artykuly (idzamowienia, idpudelka, sztuk) VALUES (14, 'isla', 1);
INSERT INTO artykuly (idzamowienia, idpudelka, sztuk) VALUES (15, 'alpi', 1);
INSERT INTO artykuly (idzamowienia, idpudelka, sztuk) VALUES (15, 'roma', 2);
INSERT INTO artykuly (idzamowienia, idpudelka, sztuk) VALUES (16, 'isla', 1);
INSERT INTO artykuly (idzamowienia, idpudelka, sztuk) VALUES (16, 'roma', 2);
INSERT INTO artykuly (idzamowienia, idpudelka, sztuk) VALUES (16, 'supr', 1);
INSERT INTO artykuly (idzamowienia, idpudelka, sztuk) VALUES (16, 'swee', 2);
INSERT INTO artykuly (idzamowienia, idpudelka, sztuk) VALUES (17, 'love', 1);
INSERT INTO artykuly (idzamowienia, idpudelka, sztuk) VALUES (17, 'nort', 1);
INSERT INTO artykuly (idzamowienia, idpudelka, sztuk) VALUES (17, 'pean', 2);
INSERT INTO artykuly (idzamowienia, idpudelka, sztuk) VALUES (17, 'swee', 1);
INSERT INTO artykuly (idzamowienia, idpudelka, sztuk) VALUES (18, 'autu', 2);
INSERT INTO artykuly (idzamowienia, idpudelka, sztuk) VALUES (18, 'bitt', 2);
INSERT INTO artykuly (idzamowienia, idpudelka, sztuk) VALUES (18, 'cher', 1);
INSERT INTO artykuly (idzamowienia, idpudelka, sztuk) VALUES (18, 'heav', 1);
INSERT INTO artykuly (idzamowienia, idpudelka, sztuk) VALUES (18, 'paci', 2);
INSERT INTO artykuly (idzamowienia, idpudelka, sztuk) VALUES (18, 'roma', 1);
INSERT INTO artykuly (idzamowienia, idpudelka, sztuk) VALUES (19, 'fudg', 1);
INSERT INTO artykuly (idzamowienia, idpudelka, sztuk) VALUES (20, 'heav', 1);
INSERT INTO artykuly (idzamowienia, idpudelka, sztuk) VALUES (22, 'bitt', 1);
INSERT INTO artykuly (idzamowienia, idpudelka, sztuk) VALUES (22, 'inte', 2);
INSERT INTO artykuly (idzamowienia, idpudelka, sztuk) VALUES (23, 'fudg', 1);
INSERT INTO artykuly (idzamowienia, idpudelka, sztuk) VALUES (23, 'nort', 1);
INSERT INTO artykuly (idzamowienia, idpudelka, sztuk) VALUES (23, 'pean', 1);
INSERT INTO artykuly (idzamowienia, idpudelka, sztuk) VALUES (23, 'roma', 2);
INSERT INTO artykuly (idzamowienia, idpudelka, sztuk) VALUES (23, 'swee', 1);
INSERT INTO artykuly (idzamowienia, idpudelka, sztuk) VALUES (24, 'alpi', 2);
INSERT INTO artykuly (idzamowienia, idpudelka, sztuk) VALUES (24, 'autu', 1);
INSERT INTO artykuly (idzamowienia, idpudelka, sztuk) VALUES (24, 'bitt', 1);
INSERT INTO artykuly (idzamowienia, idpudelka, sztuk) VALUES (24, 'nort', 2);
INSERT INTO artykuly (idzamowienia, idpudelka, sztuk) VALUES (25, 'heav', 1);
INSERT INTO artykuly (idzamowienia, idpudelka, sztuk) VALUES (26, 'bitt', 1);
INSERT INTO artykuly (idzamowienia, idpudelka, sztuk) VALUES (27, 'cher', 1);
INSERT INTO artykuly (idzamowienia, idpudelka, sztuk) VALUES (27, 'nort', 2);
INSERT INTO artykuly (idzamowienia, idpudelka, sztuk) VALUES (27, 'swe2', 1);
INSERT INTO artykuly (idzamowienia, idpudelka, sztuk) VALUES (28, 'alpi', 2);
INSERT INTO artykuly (idzamowienia, idpudelka, sztuk) VALUES (28, 'heav', 1);
INSERT INTO artykuly (idzamowienia, idpudelka, sztuk) VALUES (28, 'pean', 2);
INSERT INTO artykuly (idzamowienia, idpudelka, sztuk) VALUES (29, 'alls', 2);
INSERT INTO artykuly (idzamowienia, idpudelka, sztuk) VALUES (29, 'bitt', 1);
INSERT INTO artykuly (idzamowienia, idpudelka, sztuk) VALUES (29, 'pean', 1);
INSERT INTO artykuly (idzamowienia, idpudelka, sztuk) VALUES (29, 'roma', 1);
INSERT INTO artykuly (idzamowienia, idpudelka, sztuk) VALUES (29, 'swee', 2);
INSERT INTO artykuly (idzamowienia, idpudelka, sztuk) VALUES (30, 'bitt', 2);
INSERT INTO artykuly (idzamowienia, idpudelka, sztuk) VALUES (30, 'supr', 1);
INSERT INTO artykuly (idzamowienia, idpudelka, sztuk) VALUES (30, 'swe2', 1);
INSERT INTO artykuly (idzamowienia, idpudelka, sztuk) VALUES (30, 'swee', 2);
INSERT INTO artykuly (idzamowienia, idpudelka, sztuk) VALUES (31, 'swee', 2);
INSERT INTO artykuly (idzamowienia, idpudelka, sztuk) VALUES (32, 'love', 1);
INSERT INTO artykuly (idzamowienia, idpudelka, sztuk) VALUES (33, 'cher', 1);
INSERT INTO artykuly (idzamowienia, idpudelka, sztuk) VALUES (33, 'fudg', 1);
INSERT INTO artykuly (idzamowienia, idpudelka, sztuk) VALUES (33, 'nort', 2);
INSERT INTO artykuly (idzamowienia, idpudelka, sztuk) VALUES (33, 'paci', 2);
INSERT INTO artykuly (idzamowienia, idpudelka, sztuk) VALUES (34, 'autu', 1);
INSERT INTO artykuly (idzamowienia, idpudelka, sztuk) VALUES (34, 'roma', 1);
INSERT INTO artykuly (idzamowienia, idpudelka, sztuk) VALUES (34, 'supr', 2);
INSERT INTO artykuly (idzamowienia, idpudelka, sztuk) VALUES (34, 'swee', 1);
INSERT INTO artykuly (idzamowienia, idpudelka, sztuk) VALUES (35, 'bitt', 1);
INSERT INTO artykuly (idzamowienia, idpudelka, sztuk) VALUES (35, 'fudg', 2);
INSERT INTO artykuly (idzamowienia, idpudelka, sztuk) VALUES (35, 'isla', 2);
INSERT INTO artykuly (idzamowienia, idpudelka, sztuk) VALUES (35, 'nort', 1);
INSERT INTO artykuly (idzamowienia, idpudelka, sztuk) VALUES (35, 'swee', 1);
INSERT INTO artykuly (idzamowienia, idpudelka, sztuk) VALUES (36, 'bitt', 2);
INSERT INTO artykuly (idzamowienia, idpudelka, sztuk) VALUES (36, 'cher', 1);
INSERT INTO artykuly (idzamowienia, idpudelka, sztuk) VALUES (36, 'fudg', 2);
INSERT INTO artykuly (idzamowienia, idpudelka, sztuk) VALUES (36, 'nort', 2);
INSERT INTO artykuly (idzamowienia, idpudelka, sztuk) VALUES (36, 'roma', 1);
INSERT INTO artykuly (idzamowienia, idpudelka, sztuk) VALUES (36, 'swee', 1);
INSERT INTO artykuly (idzamowienia, idpudelka, sztuk) VALUES (37, 'marz', 1);
INSERT INTO artykuly (idzamowienia, idpudelka, sztuk) VALUES (38, 'bitt', 1);
INSERT INTO artykuly (idzamowienia, idpudelka, sztuk) VALUES (38, 'swee', 2);
INSERT INTO artykuly (idzamowienia, idpudelka, sztuk) VALUES (39, 'nort', 1);
INSERT INTO artykuly (idzamowienia, idpudelka, sztuk) VALUES (39, 'roma', 2);
INSERT INTO artykuly (idzamowienia, idpudelka, sztuk) VALUES (40, 'bitt', 2);
INSERT INTO artykuly (idzamowienia, idpudelka, sztuk) VALUES (40, 'roma', 1);
INSERT INTO artykuly (idzamowienia, idpudelka, sztuk) VALUES (40, 'swee', 2);
INSERT INTO artykuly (idzamowienia, idpudelka, sztuk) VALUES (41, 'alpi', 1);
INSERT INTO artykuly (idzamowienia, idpudelka, sztuk) VALUES (41, 'heav', 1);
INSERT INTO artykuly (idzamowienia, idpudelka, sztuk) VALUES (41, 'paci', 1);
INSERT INTO artykuly (idzamowienia, idpudelka, sztuk) VALUES (41, 'swe2', 2);
INSERT INTO artykuly (idzamowienia, idpudelka, sztuk) VALUES (41, 'swee', 2);
INSERT INTO artykuly (idzamowienia, idpudelka, sztuk) VALUES (42, 'alpi', 2);
INSERT INTO artykuly (idzamowienia, idpudelka, sztuk) VALUES (42, 'fudg', 1);
INSERT INTO artykuly (idzamowienia, idpudelka, sztuk) VALUES (42, 'inte', 2);
INSERT INTO artykuly (idzamowienia, idpudelka, sztuk) VALUES (42, 'roma', 1);
INSERT INTO artykuly (idzamowienia, idpudelka, sztuk) VALUES (42, 'swe2', 1);
INSERT INTO artykuly (idzamowienia, idpudelka, sztuk) VALUES (42, 'swee', 1);
INSERT INTO artykuly (idzamowienia, idpudelka, sztuk) VALUES (43, 'alpi', 1);
INSERT INTO artykuly (idzamowienia, idpudelka, sztuk) VALUES (44, 'autu', 1);
INSERT INTO artykuly (idzamowienia, idpudelka, sztuk) VALUES (44, 'bitt', 2);
INSERT INTO artykuly (idzamowienia, idpudelka, sztuk) VALUES (45, 'alls', 2);
INSERT INTO artykuly (idzamowienia, idpudelka, sztuk) VALUES (45, 'cher', 2);
INSERT INTO artykuly (idzamowienia, idpudelka, sztuk) VALUES (45, 'fudg', 1);
INSERT INTO artykuly (idzamowienia, idpudelka, sztuk) VALUES (46, 'heav', 1);
INSERT INTO artykuly (idzamowienia, idpudelka, sztuk) VALUES (46, 'inte', 2);
INSERT INTO artykuly (idzamowienia, idpudelka, sztuk) VALUES (46, 'pean', 1);
INSERT INTO artykuly (idzamowienia, idpudelka, sztuk) VALUES (46, 'supr', 1);
INSERT INTO artykuly (idzamowienia, idpudelka, sztuk) VALUES (47, 'bitt', 1);
INSERT INTO artykuly (idzamowienia, idpudelka, sztuk) VALUES (47, 'cher', 1);
INSERT INTO artykuly (idzamowienia, idpudelka, sztuk) VALUES (47, 'love', 2);
INSERT INTO artykuly (idzamowienia, idpudelka, sztuk) VALUES (47, 'nort', 2);
INSERT INTO artykuly (idzamowienia, idpudelka, sztuk) VALUES (47, 'pean', 1);
INSERT INTO artykuly (idzamowienia, idpudelka, sztuk) VALUES (47, 'autu', 1);
INSERT INTO artykuly (idzamowienia, idpudelka, sztuk) VALUES (47, 'fudg', 1);
INSERT INTO artykuly (idzamowienia, idpudelka, sztuk) VALUES (47, 'isla', 2);
INSERT INTO artykuly (idzamowienia, idpudelka, sztuk) VALUES (47, 'paci', 2);
INSERT INTO artykuly (idzamowienia, idpudelka, sztuk) VALUES (47, 'roma', 1);
INSERT INTO artykuly (idzamowienia, idpudelka, sztuk) VALUES (49, 'fudg', 2);
INSERT INTO artykuly (idzamowienia, idpudelka, sztuk) VALUES (50, 'bitt', 1);
INSERT INTO artykuly (idzamowienia, idpudelka, sztuk) VALUES (50, 'isla', 2);
INSERT INTO artykuly (idzamowienia, idpudelka, sztuk) VALUES (51, 'heav', 2);
INSERT INTO artykuly (idzamowienia, idpudelka, sztuk) VALUES (51, 'nort', 1);
INSERT INTO artykuly (idzamowienia, idpudelka, sztuk) VALUES (52, 'cher', 2);
INSERT INTO artykuly (idzamowienia, idpudelka, sztuk) VALUES (52, 'heav', 1);
INSERT INTO artykuly (idzamowienia, idpudelka, sztuk) VALUES (52, 'pean', 1);
INSERT INTO artykuly (idzamowienia, idpudelka, sztuk) VALUES (53, 'bitt', 2);
INSERT INTO artykuly (idzamowienia, idpudelka, sztuk) VALUES (53, 'marz', 2);
INSERT INTO artykuly (idzamowienia, idpudelka, sztuk) VALUES (53, 'nort', 2);
INSERT INTO artykuly (idzamowienia, idpudelka, sztuk) VALUES (53, 'supr', 1);
INSERT INTO artykuly (idzamowienia, idpudelka, sztuk) VALUES (53, 'swee', 1);
INSERT INTO artykuly (idzamowienia, idpudelka, sztuk) VALUES (54, 'bitt', 1);
INSERT INTO artykuly (idzamowienia, idpudelka, sztuk) VALUES (54, 'fudg', 1);
INSERT INTO artykuly (idzamowienia, idpudelka, sztuk) VALUES (54, 'heav', 2);
INSERT INTO artykuly (idzamowienia, idpudelka, sztuk) VALUES (54, 'nort', 2);
INSERT INTO artykuly (idzamowienia, idpudelka, sztuk) VALUES (54, 'roma', 1);
INSERT INTO artykuly (idzamowienia, idpudelka, sztuk) VALUES (54, 'swee', 1);
INSERT INTO artykuly (idzamowienia, idpudelka, sztuk) VALUES (55, 'bitt', 1);
INSERT INTO artykuly (idzamowienia, idpudelka, sztuk) VALUES (56, 'fudg', 1);
INSERT INTO artykuly (idzamowienia, idpudelka, sztuk) VALUES (56, 'heav', 2);
INSERT INTO artykuly (idzamowienia, idpudelka, sztuk) VALUES (57, 'alpi', 1);
INSERT INTO artykuly (idzamowienia, idpudelka, sztuk) VALUES (57, 'swe2', 1);
INSERT INTO artykuly (idzamowienia, idpudelka, sztuk) VALUES (57, 'swee', 2);
INSERT INTO artykuly (idzamowienia, idpudelka, sztuk) VALUES (58, 'alpi', 2);
INSERT INTO artykuly (idzamowienia, idpudelka, sztuk) VALUES (58, 'inte', 1);
INSERT INTO artykuly (idzamowienia, idpudelka, sztuk) VALUES (58, 'roma', 1);
INSERT INTO artykuly (idzamowienia, idpudelka, sztuk) VALUES (58, 'swee', 2);
INSERT INTO artykuly (idzamowienia, idpudelka, sztuk) VALUES (59, 'alls', 2);
INSERT INTO artykuly (idzamowienia, idpudelka, sztuk) VALUES (59, 'nort', 1);
INSERT INTO artykuly (idzamowienia, idpudelka, sztuk) VALUES (59, 'roma', 2);
INSERT INTO artykuly (idzamowienia, idpudelka, sztuk) VALUES (59, 'swe2', 1);
INSERT INTO artykuly (idzamowienia, idpudelka, sztuk) VALUES (59, 'swee', 1);
INSERT INTO artykuly (idzamowienia, idpudelka, sztuk) VALUES (60, 'love', 1);
INSERT INTO artykuly (idzamowienia, idpudelka, sztuk) VALUES (60, 'pean', 2);
INSERT INTO artykuly (idzamowienia, idpudelka, sztuk) VALUES (60, 'roma', 1);
INSERT INTO artykuly (idzamowienia, idpudelka, sztuk) VALUES (60, 'supr', 2);
INSERT INTO artykuly (idzamowienia, idpudelka, sztuk) VALUES (60, 'swe2', 1);
INSERT INTO artykuly (idzamowienia, idpudelka, sztuk) VALUES (60, 'swee', 1);
INSERT INTO artykuly (idzamowienia, idpudelka, sztuk) VALUES (61, 'love', 2);
INSERT INTO artykuly (idzamowienia, idpudelka, sztuk) VALUES (62, 'alpi', 1);
INSERT INTO artykuly (idzamowienia, idpudelka, sztuk) VALUES (62, 'nort', 2);
INSERT INTO artykuly (idzamowienia, idpudelka, sztuk) VALUES (63, 'cher', 1);
INSERT INTO artykuly (idzamowienia, idpudelka, sztuk) VALUES (63, 'paci', 1);
INSERT INTO artykuly (idzamowienia, idpudelka, sztuk) VALUES (63, 'roma', 2);
INSERT INTO artykuly (idzamowienia, idpudelka, sztuk) VALUES (64, 'autu', 2);
INSERT INTO artykuly (idzamowienia, idpudelka, sztuk) VALUES (64, 'bitt', 1);
INSERT INTO artykuly (idzamowienia, idpudelka, sztuk) VALUES (64, 'fudg', 1);
INSERT INTO artykuly (idzamowienia, idpudelka, sztuk) VALUES (64, 'love', 1);
INSERT INTO artykuly (idzamowienia, idpudelka, sztuk) VALUES (65, 'autu', 1);
INSERT INTO artykuly (idzamowienia, idpudelka, sztuk) VALUES (65, 'fudg', 2);
INSERT INTO artykuly (idzamowienia, idpudelka, sztuk) VALUES (65, 'isla', 2);
INSERT INTO artykuly (idzamowienia, idpudelka, sztuk) VALUES (65, 'love', 1);
INSERT INTO artykuly (idzamowienia, idpudelka, sztuk) VALUES (65, 'nort', 1);
INSERT INTO artykuly (idzamowienia, idpudelka, sztuk) VALUES (66, 'bitt', 2);
INSERT INTO artykuly (idzamowienia, idpudelka, sztuk) VALUES (66, 'fudg', 1);
INSERT INTO artykuly (idzamowienia, idpudelka, sztuk) VALUES (66, 'love', 2);
INSERT INTO artykuly (idzamowienia, idpudelka, sztuk) VALUES (66, 'marz', 2);
INSERT INTO artykuly (idzamowienia, idpudelka, sztuk) VALUES (66, 'nort', 1);
INSERT INTO artykuly (idzamowienia, idpudelka, sztuk) VALUES (66, 'swee', 1);
INSERT INTO artykuly (idzamowienia, idpudelka, sztuk) VALUES (67, 'bitt', 1);
INSERT INTO artykuly (idzamowienia, idpudelka, sztuk) VALUES (68, 'nort', 2);
INSERT INTO artykuly (idzamowienia, idpudelka, sztuk) VALUES (68, 'swee', 1);
INSERT INTO artykuly (idzamowienia, idpudelka, sztuk) VALUES (69, 'fudg', 1);
INSERT INTO artykuly (idzamowienia, idpudelka, sztuk) VALUES (69, 'roma', 1);
INSERT INTO artykuly (idzamowienia, idpudelka, sztuk) VALUES (69, 'swee', 2);
INSERT INTO artykuly (idzamowienia, idpudelka, sztuk) VALUES (70, 'bitt', 1);
INSERT INTO artykuly (idzamowienia, idpudelka, sztuk) VALUES (70, 'cher', 1);
INSERT INTO artykuly (idzamowienia, idpudelka, sztuk) VALUES (70, 'heav', 2);
INSERT INTO artykuly (idzamowienia, idpudelka, sztuk) VALUES (70, 'isla', 2);
INSERT INTO artykuly (idzamowienia, idpudelka, sztuk) VALUES (71, 'bitt', 1);
INSERT INTO artykuly (idzamowienia, idpudelka, sztuk) VALUES (71, 'fudg', 2);
INSERT INTO artykuly (idzamowienia, idpudelka, sztuk) VALUES (71, 'love', 1);
INSERT INTO artykuly (idzamowienia, idpudelka, sztuk) VALUES (71, 'swe2', 2);
INSERT INTO artykuly (idzamowienia, idpudelka, sztuk) VALUES (71, 'swee', 1);
INSERT INTO artykuly (idzamowienia, idpudelka, sztuk) VALUES (72, 'alpi', 1);
INSERT INTO artykuly (idzamowienia, idpudelka, sztuk) VALUES (72, 'bitt', 1);
INSERT INTO artykuly (idzamowienia, idpudelka, sztuk) VALUES (72, 'heav', 1);
INSERT INTO artykuly (idzamowienia, idpudelka, sztuk) VALUES (72, 'nort', 2);
INSERT INTO artykuly (idzamowienia, idpudelka, sztuk) VALUES (73, 'bitt', 2);
INSERT INTO artykuly (idzamowienia, idpudelka, sztuk) VALUES (74, 'alls', 1);
INSERT INTO artykuly (idzamowienia, idpudelka, sztuk) VALUES (74, 'love', 1);
INSERT INTO artykuly (idzamowienia, idpudelka, sztuk) VALUES (75, 'inte', 1);
INSERT INTO artykuly (idzamowienia, idpudelka, sztuk) VALUES (75, 'roma', 2);
INSERT INTO artykuly (idzamowienia, idpudelka, sztuk) VALUES (75, 'supr', 1);
INSERT INTO artykuly (idzamowienia, idpudelka, sztuk) VALUES (76, 'alpi', 2);
INSERT INTO artykuly (idzamowienia, idpudelka, sztuk) VALUES (76, 'pean', 2);
INSERT INTO artykuly (idzamowienia, idpudelka, sztuk) VALUES (76, 'supr', 1);
INSERT INTO artykuly (idzamowienia, idpudelka, sztuk) VALUES (76, 'swee', 1);
INSERT INTO artykuly (idzamowienia, idpudelka, sztuk) VALUES (77, 'cher', 2);
INSERT INTO artykuly (idzamowienia, idpudelka, sztuk) VALUES (77, 'heav', 1);
INSERT INTO artykuly (idzamowienia, idpudelka, sztuk) VALUES (77, 'love', 2);
INSERT INTO artykuly (idzamowienia, idpudelka, sztuk) VALUES (77, 'nort', 1);
INSERT INTO artykuly (idzamowienia, idpudelka, sztuk) VALUES (77, 'paci', 1);
INSERT INTO artykuly (idzamowienia, idpudelka, sztuk) VALUES (78, 'alpi', 2);
INSERT INTO artykuly (idzamowienia, idpudelka, sztuk) VALUES (78, 'autu', 2);
INSERT INTO artykuly (idzamowienia, idpudelka, sztuk) VALUES (78, 'bitt', 2);
INSERT INTO artykuly (idzamowienia, idpudelka, sztuk) VALUES (78, 'fudg', 1);
INSERT INTO artykuly (idzamowienia, idpudelka, sztuk) VALUES (78, 'inte', 1);
INSERT INTO artykuly (idzamowienia, idpudelka, sztuk) VALUES (78, 'roma', 1);
INSERT INTO artykuly (idzamowienia, idpudelka, sztuk) VALUES (79, 'autu', 1);
INSERT INTO artykuly (idzamowienia, idpudelka, sztuk) VALUES (80, 'bitt', 2);
INSERT INTO artykuly (idzamowienia, idpudelka, sztuk) VALUES (80, 'isla', 1);
INSERT INTO artykuly (idzamowienia, idpudelka, sztuk) VALUES (81, 'inte', 1);
INSERT INTO artykuly (idzamowienia, idpudelka, sztuk) VALUES (81, 'isla', 2);
INSERT INTO artykuly (idzamowienia, idpudelka, sztuk) VALUES (82, 'bitt', 2);
INSERT INTO artykuly (idzamowienia, idpudelka, sztuk) VALUES (82, 'inte', 1);
INSERT INTO artykuly (idzamowienia, idpudelka, sztuk) VALUES (82, 'love', 1);
INSERT INTO artykuly (idzamowienia, idpudelka, sztuk) VALUES (82, 'marz', 2);
INSERT INTO artykuly (idzamowienia, idpudelka, sztuk) VALUES (83, 'cher', 2);
INSERT INTO artykuly (idzamowienia, idpudelka, sztuk) VALUES (83, 'inte', 1);
INSERT INTO artykuly (idzamowienia, idpudelka, sztuk) VALUES (83, 'isla', 1);
INSERT INTO artykuly (idzamowienia, idpudelka, sztuk) VALUES (83, 'love', 1);
INSERT INTO artykuly (idzamowienia, idpudelka, sztuk) VALUES (83, 'swee', 1);
INSERT INTO artykuly (idzamowienia, idpudelka, sztuk) VALUES (84, 'bitt', 1);
INSERT INTO artykuly (idzamowienia, idpudelka, sztuk) VALUES (84, 'cher', 1);
INSERT INTO artykuly (idzamowienia, idpudelka, sztuk) VALUES (84, 'heav', 2);
INSERT INTO artykuly (idzamowienia, idpudelka, sztuk) VALUES (84, 'love', 2);
INSERT INTO artykuly (idzamowienia, idpudelka, sztuk) VALUES (84, 'nort', 2);
INSERT INTO artykuly (idzamowienia, idpudelka, sztuk) VALUES (84, 'paci', 1);
INSERT INTO artykuly (idzamowienia, idpudelka, sztuk) VALUES (85, 'paci', 1);
INSERT INTO artykuly (idzamowienia, idpudelka, sztuk) VALUES (86, 'love', 2);
INSERT INTO artykuly (idzamowienia, idpudelka, sztuk) VALUES (86, 'nort', 1);
INSERT INTO artykuly (idzamowienia, idpudelka, sztuk) VALUES (87, 'alpi', 2);
INSERT INTO artykuly (idzamowienia, idpudelka, sztuk) VALUES (87, 'heav', 1);
INSERT INTO artykuly (idzamowienia, idpudelka, sztuk) VALUES (87, 'swe2', 1);
INSERT INTO artykuly (idzamowienia, idpudelka, sztuk) VALUES (88, 'bitt', 1);
INSERT INTO artykuly (idzamowienia, idpudelka, sztuk) VALUES (88, 'fudg', 2);
INSERT INTO artykuly (idzamowienia, idpudelka, sztuk) VALUES (88, 'heav', 2);
INSERT INTO artykuly (idzamowienia, idpudelka, sztuk) VALUES (88, 'inte', 1);
INSERT INTO artykuly (idzamowienia, idpudelka, sztuk) VALUES (89, 'alls', 1);
INSERT INTO artykuly (idzamowienia, idpudelka, sztuk) VALUES (89, 'bitt', 1);
INSERT INTO artykuly (idzamowienia, idpudelka, sztuk) VALUES (89, 'love', 2);
INSERT INTO artykuly (idzamowienia, idpudelka, sztuk) VALUES (89, 'nort', 2);
INSERT INTO artykuly (idzamowienia, idpudelka, sztuk) VALUES (90, 'cher', 1);
INSERT INTO artykuly (idzamowienia, idpudelka, sztuk) VALUES (90, 'heav', 2);
INSERT INTO artykuly (idzamowienia, idpudelka, sztuk) VALUES (90, 'isla', 1);
INSERT INTO artykuly (idzamowienia, idpudelka, sztuk) VALUES (90, 'love', 1);
INSERT INTO artykuly (idzamowienia, idpudelka, sztuk) VALUES (90, 'pean', 2);
INSERT INTO artykuly (idzamowienia, idpudelka, sztuk) VALUES (90, 'supr', 1);
INSERT INTO artykuly (idzamowienia, idpudelka, sztuk) VALUES (91, 'love', 2);
INSERT INTO artykuly (idzamowienia, idpudelka, sztuk) VALUES (92, 'cher', 1);
INSERT INTO artykuly (idzamowienia, idpudelka, sztuk) VALUES (92, 'nort', 1);
INSERT INTO artykuly (idzamowienia, idpudelka, sztuk) VALUES (93, 'nort', 2);
INSERT INTO artykuly (idzamowienia, idpudelka, sztuk) VALUES (93, 'paci', 2);
INSERT INTO artykuly (idzamowienia, idpudelka, sztuk) VALUES (93, 'roma', 1);
INSERT INTO artykuly (idzamowienia, idpudelka, sztuk) VALUES (94, 'alpi', 1);
INSERT INTO artykuly (idzamowienia, idpudelka, sztuk) VALUES (94, 'autu', 2);
INSERT INTO artykuly (idzamowienia, idpudelka, sztuk) VALUES (94, 'cher', 1);
INSERT INTO artykuly (idzamowienia, idpudelka, sztuk) VALUES (94, 'fudg', 1);
INSERT INTO artykuly (idzamowienia, idpudelka, sztuk) VALUES (95, 'isla', 1);
INSERT INTO artykuly (idzamowienia, idpudelka, sztuk) VALUES (95, 'nort', 2);
INSERT INTO artykuly (idzamowienia, idpudelka, sztuk) VALUES (95, 'paci', 1);
INSERT INTO artykuly (idzamowienia, idpudelka, sztuk) VALUES (95, 'pean', 2);
INSERT INTO artykuly (idzamowienia, idpudelka, sztuk) VALUES (95, 'swee', 1);
INSERT INTO artykuly (idzamowienia, idpudelka, sztuk) VALUES (96, 'alpi', 2);
INSERT INTO artykuly (idzamowienia, idpudelka, sztuk) VALUES (96, 'bitt', 1);
INSERT INTO artykuly (idzamowienia, idpudelka, sztuk) VALUES (96, 'cher', 1);
INSERT INTO artykuly (idzamowienia, idpudelka, sztuk) VALUES (96, 'love', 2);
INSERT INTO artykuly (idzamowienia, idpudelka, sztuk) VALUES (96, 'marz', 1);
INSERT INTO artykuly (idzamowienia, idpudelka, sztuk) VALUES (96, 'nort', 2);
INSERT INTO artykuly (idzamowienia, idpudelka, sztuk) VALUES (97, 'fudg', 1);
INSERT INTO artykuly (idzamowienia, idpudelka, sztuk) VALUES (98, 'bitt', 2);
INSERT INTO artykuly (idzamowienia, idpudelka, sztuk) VALUES (98, 'fudg', 1);
INSERT INTO artykuly (idzamowienia, idpudelka, sztuk) VALUES (99, 'love', 1);
INSERT INTO artykuly (idzamowienia, idpudelka, sztuk) VALUES (99, 'nort', 2);
INSERT INTO artykuly (idzamowienia, idpudelka, sztuk) VALUES (100, 'bitt', 1);
INSERT INTO artykuly (idzamowienia, idpudelka, sztuk) VALUES (100, 'heav', 1);
INSERT INTO artykuly (idzamowienia, idpudelka, sztuk) VALUES (100, 'supr', 2);
INSERT INTO artykuly (idzamowienia, idpudelka, sztuk) VALUES (100, 'swee', 2);
INSERT INTO artykuly (idzamowienia, idpudelka, sztuk) VALUES (101, 'alpi', 2);
INSERT INTO artykuly (idzamowienia, idpudelka, sztuk) VALUES (101, 'autu', 1);
INSERT INTO artykuly (idzamowienia, idpudelka, sztuk) VALUES (101, 'fudg', 2);
INSERT INTO artykuly (idzamowienia, idpudelka, sztuk) VALUES (101, 'nort', 1);
INSERT INTO artykuly (idzamowienia, idpudelka, sztuk) VALUES (101, 'swe2', 1);
INSERT INTO artykuly (idzamowienia, idpudelka, sztuk) VALUES (102, 'bitt', 2);
INSERT INTO artykuly (idzamowienia, idpudelka, sztuk) VALUES (102, 'fudg', 2);
INSERT INTO artykuly (idzamowienia, idpudelka, sztuk) VALUES (102, 'inte', 1);
INSERT INTO artykuly (idzamowienia, idpudelka, sztuk) VALUES (102, 'love', 1);
INSERT INTO artykuly (idzamowienia, idpudelka, sztuk) VALUES (102, 'roma', 1);
INSERT INTO artykuly (idzamowienia, idpudelka, sztuk) VALUES (102, 'swee', 1);
INSERT INTO artykuly (idzamowienia, idpudelka, sztuk) VALUES (103, 'pean', 1);
INSERT INTO artykuly (idzamowienia, idpudelka, sztuk) VALUES (104, 'alls', 2);
INSERT INTO artykuly (idzamowienia, idpudelka, sztuk) VALUES (104, 'bitt', 1);
INSERT INTO artykuly (idzamowienia, idpudelka, sztuk) VALUES (105, 'supr', 1);
INSERT INTO artykuly (idzamowienia, idpudelka, sztuk) VALUES (105, 'swe2', 2);
INSERT INTO artykuly (idzamowienia, idpudelka, sztuk) VALUES (105, 'swee', 2);
INSERT INTO artykuly (idzamowienia, idpudelka, sztuk) VALUES (106, 'love', 1);
INSERT INTO artykuly (idzamowienia, idpudelka, sztuk) VALUES (106, 'pean', 1);
INSERT INTO artykuly (idzamowienia, idpudelka, sztuk) VALUES (106, 'roma', 1);
INSERT INTO artykuly (idzamowienia, idpudelka, sztuk) VALUES (106, 'swe2', 2);
INSERT INTO artykuly (idzamowienia, idpudelka, sztuk) VALUES (107, 'cher', 1);
INSERT INTO artykuly (idzamowienia, idpudelka, sztuk) VALUES (107, 'nort', 2);
INSERT INTO artykuly (idzamowienia, idpudelka, sztuk) VALUES (107, 'paci', 2);
INSERT INTO artykuly (idzamowienia, idpudelka, sztuk) VALUES (107, 'roma', 1);
INSERT INTO artykuly (idzamowienia, idpudelka, sztuk) VALUES (108, 'autu', 1);
INSERT INTO artykuly (idzamowienia, idpudelka, sztuk) VALUES (108, 'bitt', 1);
INSERT INTO artykuly (idzamowienia, idpudelka, sztuk) VALUES (108, 'fudg', 2);
INSERT INTO artykuly (idzamowienia, idpudelka, sztuk) VALUES (108, 'inte', 1);
INSERT INTO artykuly (idzamowienia, idpudelka, sztuk) VALUES (108, 'love', 1);
INSERT INTO artykuly (idzamowienia, idpudelka, sztuk) VALUES (108, 'swee', 2);
INSERT INTO artykuly (idzamowienia, idpudelka, sztuk) VALUES (109, 'isla', 2);
INSERT INTO artykuly (idzamowienia, idpudelka, sztuk) VALUES (110, 'cher', 1);
INSERT INTO artykuly (idzamowienia, idpudelka, sztuk) VALUES (110, 'roma', 2);
INSERT INTO artykuly (idzamowienia, idpudelka, sztuk) VALUES (111, 'bitt', 1);
INSERT INTO artykuly (idzamowienia, idpudelka, sztuk) VALUES (111, 'paci', 1);
INSERT INTO artykuly (idzamowienia, idpudelka, sztuk) VALUES (111, 'swe2', 2);
INSERT INTO artykuly (idzamowienia, idpudelka, sztuk) VALUES (112, 'alpi', 1);
INSERT INTO artykuly (idzamowienia, idpudelka, sztuk) VALUES (112, 'fudg', 1);
INSERT INTO artykuly (idzamowienia, idpudelka, sztuk) VALUES (112, 'roma', 2);
INSERT INTO artykuly (idzamowienia, idpudelka, sztuk) VALUES (112, 'swe2', 1);
INSERT INTO artykuly (idzamowienia, idpudelka, sztuk) VALUES (113, 'love', 1);
INSERT INTO artykuly (idzamowienia, idpudelka, sztuk) VALUES (113, 'nort', 2);
INSERT INTO artykuly (idzamowienia, idpudelka, sztuk) VALUES (113, 'roma', 2);
INSERT INTO artykuly (idzamowienia, idpudelka, sztuk) VALUES (113, 'swe2', 2);
INSERT INTO artykuly (idzamowienia, idpudelka, sztuk) VALUES (113, 'swee', 1);
INSERT INTO artykuly (idzamowienia, idpudelka, sztuk) VALUES (114, 'alpi', 2);
INSERT INTO artykuly (idzamowienia, idpudelka, sztuk) VALUES (114, 'bitt', 2);
INSERT INTO artykuly (idzamowienia, idpudelka, sztuk) VALUES (114, 'heav', 1);
INSERT INTO artykuly (idzamowienia, idpudelka, sztuk) VALUES (114, 'love', 1);
INSERT INTO artykuly (idzamowienia, idpudelka, sztuk) VALUES (114, 'roma', 1);
INSERT INTO artykuly (idzamowienia, idpudelka, sztuk) VALUES (115, 'heav', 1);
INSERT INTO artykuly (idzamowienia, idpudelka, sztuk) VALUES (116, 'heav', 2);
INSERT INTO artykuly (idzamowienia, idpudelka, sztuk) VALUES (116, 'swe2', 1);
INSERT INTO artykuly (idzamowienia, idpudelka, sztuk) VALUES (117, 'alpi', 2);
INSERT INTO artykuly (idzamowienia, idpudelka, sztuk) VALUES (117, 'bitt', 1);
INSERT INTO artykuly (idzamowienia, idpudelka, sztuk) VALUES (117, 'love', 1);
INSERT INTO artykuly (idzamowienia, idpudelka, sztuk) VALUES (118, 'bitt', 1);
INSERT INTO artykuly (idzamowienia, idpudelka, sztuk) VALUES (118, 'inte', 2);
INSERT INTO artykuly (idzamowienia, idpudelka, sztuk) VALUES (118, 'love', 2);
INSERT INTO artykuly (idzamowienia, idpudelka, sztuk) VALUES (118, 'nort', 1);
INSERT INTO artykuly (idzamowienia, idpudelka, sztuk) VALUES (119, 'alls', 2);
INSERT INTO artykuly (idzamowienia, idpudelka, sztuk) VALUES (119, 'bitt', 2);
INSERT INTO artykuly (idzamowienia, idpudelka, sztuk) VALUES (119, 'heav', 1);
INSERT INTO artykuly (idzamowienia, idpudelka, sztuk) VALUES (119, 'nort', 1);
INSERT INTO artykuly (idzamowienia, idpudelka, sztuk) VALUES (119, 'supr', 1);
INSERT INTO artykuly (idzamowienia, idpudelka, sztuk) VALUES (120, 'heav', 1);
INSERT INTO artykuly (idzamowienia, idpudelka, sztuk) VALUES (120, 'love', 2);
INSERT INTO artykuly (idzamowienia, idpudelka, sztuk) VALUES (120, 'nort', 1);
INSERT INTO artykuly (idzamowienia, idpudelka, sztuk) VALUES (120, 'paci', 1);
INSERT INTO artykuly (idzamowienia, idpudelka, sztuk) VALUES (120, 'pean', 1);
INSERT INTO artykuly (idzamowienia, idpudelka, sztuk) VALUES (120, 'roma', 2);
INSERT INTO artykuly (idzamowienia, idpudelka, sztuk) VALUES (121, 'nort', 2);
INSERT INTO artykuly (idzamowienia, idpudelka, sztuk) VALUES (122, 'cher', 1);
INSERT INTO artykuly (idzamowienia, idpudelka, sztuk) VALUES (122, 'paci', 2);
INSERT INTO artykuly (idzamowienia, idpudelka, sztuk) VALUES (123, 'nort', 2);
INSERT INTO artykuly (idzamowienia, idpudelka, sztuk) VALUES (123, 'paci', 1);
INSERT INTO artykuly (idzamowienia, idpudelka, sztuk) VALUES (123, 'roma', 1);
INSERT INTO artykuly (idzamowienia, idpudelka, sztuk) VALUES (124, 'autu', 1);
INSERT INTO artykuly (idzamowienia, idpudelka, sztuk) VALUES (124, 'fudg', 1);
INSERT INTO artykuly (idzamowienia, idpudelka, sztuk) VALUES (124, 'heav', 2);
INSERT INTO artykuly (idzamowienia, idpudelka, sztuk) VALUES (124, 'isla', 1);
INSERT INTO artykuly (idzamowienia, idpudelka, sztuk) VALUES (125, 'autu', 1);
INSERT INTO artykuly (idzamowienia, idpudelka, sztuk) VALUES (125, 'bitt', 1);
INSERT INTO artykuly (idzamowienia, idpudelka, sztuk) VALUES (125, 'isla', 2);
INSERT INTO artykuly (idzamowienia, idpudelka, sztuk) VALUES (125, 'nort', 2);
INSERT INTO artykuly (idzamowienia, idpudelka, sztuk) VALUES (125, 'pean', 1);
INSERT INTO artykuly (idzamowienia, idpudelka, sztuk) VALUES (126, 'bitt', 1);
INSERT INTO artykuly (idzamowienia, idpudelka, sztuk) VALUES (126, 'love', 1);
INSERT INTO artykuly (idzamowienia, idpudelka, sztuk) VALUES (126, 'marz', 2);
INSERT INTO artykuly (idzamowienia, idpudelka, sztuk) VALUES (126, 'nort', 2);
INSERT INTO artykuly (idzamowienia, idpudelka, sztuk) VALUES (126, 'pean', 1);
INSERT INTO artykuly (idzamowienia, idpudelka, sztuk) VALUES (126, 'swee', 2);
INSERT INTO artykuly (idzamowienia, idpudelka, sztuk) VALUES (127, 'pean', 1);
INSERT INTO artykuly (idzamowienia, idpudelka, sztuk) VALUES (128, 'alpi', 2);
INSERT INTO artykuly (idzamowienia, idpudelka, sztuk) VALUES (128, 'swee', 1);
INSERT INTO artykuly (idzamowienia, idpudelka, sztuk) VALUES (129, 'bitt', 2);
INSERT INTO artykuly (idzamowienia, idpudelka, sztuk) VALUES (129, 'pean', 1);
INSERT INTO artykuly (idzamowienia, idpudelka, sztuk) VALUES (129, 'swee', 1);
INSERT INTO artykuly (idzamowienia, idpudelka, sztuk) VALUES (130, 'bitt', 1);
INSERT INTO artykuly (idzamowienia, idpudelka, sztuk) VALUES (130, 'heav', 2);
INSERT INTO artykuly (idzamowienia, idpudelka, sztuk) VALUES (130, 'roma', 2);
INSERT INTO artykuly (idzamowienia, idpudelka, sztuk) VALUES (130, 'swee', 1);
INSERT INTO artykuly (idzamowienia, idpudelka, sztuk) VALUES (131, 'alpi', 1);
INSERT INTO artykuly (idzamowienia, idpudelka, sztuk) VALUES (131, 'inte', 2);
INSERT INTO artykuly (idzamowienia, idpudelka, sztuk) VALUES (131, 'roma', 1);
INSERT INTO artykuly (idzamowienia, idpudelka, sztuk) VALUES (131, 'swe2', 1);
INSERT INTO artykuly (idzamowienia, idpudelka, sztuk) VALUES (131, 'swee', 2);
INSERT INTO artykuly (idzamowienia, idpudelka, sztuk) VALUES (132, 'alpi', 2);
INSERT INTO artykuly (idzamowienia, idpudelka, sztuk) VALUES (132, 'bitt', 1);
INSERT INTO artykuly (idzamowienia, idpudelka, sztuk) VALUES (132, 'fudg', 2);
INSERT INTO artykuly (idzamowienia, idpudelka, sztuk) VALUES (132, 'inte', 1);
INSERT INTO artykuly (idzamowienia, idpudelka, sztuk) VALUES (132, 'pean', 1);
INSERT INTO artykuly (idzamowienia, idpudelka, sztuk) VALUES (133, 'alls', 2);
INSERT INTO artykuly (idzamowienia, idpudelka, sztuk) VALUES (134, 'cher', 1);
INSERT INTO artykuly (idzamowienia, idpudelka, sztuk) VALUES (134, 'fudg', 1);
INSERT INTO artykuly (idzamowienia, idpudelka, sztuk) VALUES (134, 'nort', 1);
INSERT INTO artykuly (idzamowienia, idpudelka, sztuk) VALUES (134, 'supr', 2);
INSERT INTO artykuly (idzamowienia, idpudelka, sztuk) VALUES (134, 'love', 2);
INSERT INTO artykuly (idzamowienia, idpudelka, sztuk) VALUES (134, 'pean', 2);
INSERT INTO artykuly (idzamowienia, idpudelka, sztuk) VALUES (137, 'cher', 1);
INSERT INTO artykuly (idzamowienia, idpudelka, sztuk) VALUES (137, 'nort', 2);
INSERT INTO artykuly (idzamowienia, idpudelka, sztuk) VALUES (137, 'paci', 1);
INSERT INTO artykuly (idzamowienia, idpudelka, sztuk) VALUES (137, 'pean', 1);
INSERT INTO artykuly (idzamowienia, idpudelka, sztuk) VALUES (137, 'roma', 2);
INSERT INTO artykuly (idzamowienia, idpudelka, sztuk) VALUES (138, 'autu', 2);
INSERT INTO artykuly (idzamowienia, idpudelka, sztuk) VALUES (138, 'cher', 1);
INSERT INTO artykuly (idzamowienia, idpudelka, sztuk) VALUES (138, 'fudg', 1);
INSERT INTO artykuly (idzamowienia, idpudelka, sztuk) VALUES (138, 'inte', 2);
INSERT INTO artykuly (idzamowienia, idpudelka, sztuk) VALUES (138, 'isla', 2);
INSERT INTO artykuly (idzamowienia, idpudelka, sztuk) VALUES (138, 'nort', 1);
INSERT INTO artykuly (idzamowienia, idpudelka, sztuk) VALUES (139, 'fudg', 1);
INSERT INTO artykuly (idzamowienia, idpudelka, sztuk) VALUES (140, 'fudg', 2);
INSERT INTO artykuly (idzamowienia, idpudelka, sztuk) VALUES (140, 'nort', 1);
INSERT INTO artykuly (idzamowienia, idpudelka, sztuk) VALUES (141, 'autu', 1);
INSERT INTO artykuly (idzamowienia, idpudelka, sztuk) VALUES (141, 'bitt', 2);
INSERT INTO artykuly (idzamowienia, idpudelka, sztuk) VALUES (142, 'heav', 1);
INSERT INTO artykuly (idzamowienia, idpudelka, sztuk) VALUES (142, 'marz', 2);
INSERT INTO artykuly (idzamowienia, idpudelka, sztuk) VALUES (142, 'nort', 2);
INSERT INTO artykuly (idzamowienia, idpudelka, sztuk) VALUES (143, 'cher', 1);
INSERT INTO artykuly (idzamowienia, idpudelka, sztuk) VALUES (143, 'inte', 1);
INSERT INTO artykuly (idzamowienia, idpudelka, sztuk) VALUES (143, 'pean', 1);
INSERT INTO artykuly (idzamowienia, idpudelka, sztuk) VALUES (143, 'roma', 1);
INSERT INTO artykuly (idzamowienia, idpudelka, sztuk) VALUES (143, 'swee', 2);
INSERT INTO artykuly (idzamowienia, idpudelka, sztuk) VALUES (144, 'bitt', 1);
INSERT INTO artykuly (idzamowienia, idpudelka, sztuk) VALUES (144, 'heav', 2);
INSERT INTO artykuly (idzamowienia, idpudelka, sztuk) VALUES (144, 'inte', 1);
INSERT INTO artykuly (idzamowienia, idpudelka, sztuk) VALUES (144, 'roma', 2);
INSERT INTO artykuly (idzamowienia, idpudelka, sztuk) VALUES (144, 'swe2', 2);
INSERT INTO artykuly (idzamowienia, idpudelka, sztuk) VALUES (144, 'swee', 1);
INSERT INTO artykuly (idzamowienia, idpudelka, sztuk) VALUES (145, 'supr', 1);
INSERT INTO artykuly (idzamowienia, idpudelka, sztuk) VALUES (146, 'alpi', 1);
INSERT INTO artykuly (idzamowienia, idpudelka, sztuk) VALUES (146, 'swe2', 2);
INSERT INTO artykuly (idzamowienia, idpudelka, sztuk) VALUES (147, 'alpi', 2);
INSERT INTO artykuly (idzamowienia, idpudelka, sztuk) VALUES (147, 'fudg', 1);
INSERT INTO artykuly (idzamowienia, idpudelka, sztuk) VALUES (147, 'inte', 1);
INSERT INTO artykuly (idzamowienia, idpudelka, sztuk) VALUES (148, 'heav', 1);
INSERT INTO artykuly (idzamowienia, idpudelka, sztuk) VALUES (148, 'roma', 2);
INSERT INTO artykuly (idzamowienia, idpudelka, sztuk) VALUES (148, 'supr', 2);
INSERT INTO artykuly (idzamowienia, idpudelka, sztuk) VALUES (148, 'swe2', 1);
INSERT INTO artykuly (idzamowienia, idpudelka, sztuk) VALUES (149, 'alls', 1);
INSERT INTO artykuly (idzamowienia, idpudelka, sztuk) VALUES (149, 'love', 2);
INSERT INTO artykuly (idzamowienia, idpudelka, sztuk) VALUES (149, 'roma', 2);
INSERT INTO artykuly (idzamowienia, idpudelka, sztuk) VALUES (149, 'supr', 1);
INSERT INTO artykuly (idzamowienia, idpudelka, sztuk) VALUES (149, 'swe2', 1);


INSERT INTO czekoladki (idczekoladki, nazwa, czekolada, orzechy, nadzienie, opis, koszt, masa) VALUES ('b01', 'Płomienna ekstaza', 'gorzka', 'łuskane', 'krem', 'Orzechy w kremie, zatopione w gorzkiej czekoladzie.', 0.30, 20);
INSERT INTO czekoladki (idczekoladki, nazwa, czekolada, orzechy, nadzienie, opis, koszt, masa) VALUES ('b02', 'Gorzka jagodowa', 'gorzka', NULL, 'jagody', 'Smakowite górskie jagody w czekoladzie.', 0.25, 25);
INSERT INTO czekoladki (idczekoladki, nazwa, czekolada, orzechy, nadzienie, opis, koszt, masa) VALUES ('b03', 'Marcepanowe listki', 'gorzka', NULL, 'marcepan', 'Marcepany w kształcie liści dębu oblewane gorzką czekoladą.', 0.40, 12);
INSERT INTO czekoladki (idczekoladki, nazwa, czekolada, orzechy, nadzienie, opis, koszt, masa) VALUES ('b04', 'Gorzka truskawkowa', 'gorzka', NULL, 'truskawki', 'Truskawki w gorzkiej czekoladzie, wyśmienite.', 0.23, 20);
INSERT INTO czekoladki (idczekoladki, nazwa, czekolada, orzechy, nadzienie, opis, koszt, masa) VALUES ('b05', 'Gorzka malinowa', 'gorzka', NULL, 'maliny', 'Maliny zrywane na bezludnych wyspach, w polewie czekoladowej.', 0.25, 20);
INSERT INTO czekoladki (idczekoladki, nazwa, czekolada, orzechy, nadzienie, opis, koszt, masa) VALUES ('b06', 'Gorzka z marmoladą', 'gorzka', NULL, 'marmolada', 'Marmolada w polewie czekoladowej - prawdziwie brytyjski smakołyk.', 0.17, 25);
INSERT INTO czekoladki (idczekoladki, nazwa, czekolada, orzechy, nadzienie, opis, koszt, masa) VALUES ('b07', 'Gorzka z wiśniami', 'gorzka', NULL, 'wiśnie', 'Ulubione wiśnie królowej Anny zatopione w czekoladzie.', 0.26, 25);
INSERT INTO czekoladki (idczekoladki, nazwa, czekolada, orzechy, nadzienie, opis, koszt, masa) VALUES ('b08', 'Gorzkie orzechy', 'gorzka', 'laskowe', NULL, 'Orzechy laskowe w czekoladzie.', 0.24, 20);
INSERT INTO czekoladki (idczekoladki, nazwa, czekolada, orzechy, nadzienie, opis, koszt, masa) VALUES ('d01', 'Migdałowy smak', 'ciemna', 'migdały', NULL, 'Całe migdały, ręcznie topione w czekoladzie.', 0.30, 15);
INSERT INTO czekoladki (idczekoladki, nazwa, czekolada, orzechy, nadzienie, opis, koszt, masa) VALUES ('d02', 'Serce na dłoni', 'ciemna', NULL, 'krem wiśniowy', 'Ciemna czekolada o sercu z kremu wiśniowego.', 0.32, 25);
INSERT INTO czekoladki (idczekoladki, nazwa, czekolada, orzechy, nadzienie, opis, koszt, masa) VALUES ('d03', 'Potęga orzechów', 'ciemna', 'łuskane', NULL, 'Ogromne orzechy ręcznie umieszczane w czekoladzie.', 0.30, 15);
INSERT INTO czekoladki (idczekoladki, nazwa, czekolada, orzechy, nadzienie, opis, koszt, masa) VALUES ('d04', 'Migdalowa ambrozja', 'ciemna', 'migdały', 'amaretto', 'Migdały zatapiane w amaretto.', 0.44, 25);
INSERT INTO czekoladki (idczekoladki, nazwa, czekolada, orzechy, nadzienie, opis, koszt, masa) VALUES ('d06', 'Smak orzechow laskowych', 'ciemna', 'laskowe', NULL, 'Całe orzechy laskowe, ręcznie topione w czekoladzie.', 0.21, 10);
INSERT INTO czekoladki (idczekoladki, nazwa, czekolada, orzechy, nadzienie, opis, koszt, masa) VALUES ('d07', 'Wiśniowa klasyczna', 'ciemna', NULL, 'wiśnie', 'Wiśnie w czekoladzie.', 0.28, 24);
INSERT INTO czekoladki (idczekoladki, nazwa, czekolada, orzechy, nadzienie, opis, koszt, masa) VALUES ('d08', 'Czekoladowe kiwi', 'ciemna', 'brazylijskie', NULL, 'Orzechy brazylijskie na czekoladzie tworzące wspaniałą kompozycję wzorowana na owocu kiwi.', 0.29, 30);
INSERT INTO czekoladki (idczekoladki, nazwa, czekolada, orzechy, nadzienie, opis, koszt, masa) VALUES ('d09', 'Amerykańska piekność', 'ciemna', NULL, NULL, 'Twarda czekolada w kształcie amerykanskich piękności.', 0.24, 30);
INSERT INTO czekoladki (idczekoladki, nazwa, czekolada, orzechy, nadzienie, opis, koszt, masa) VALUES ('d11', 'Marcepanowe delicje', 'ciemna', NULL, 'marcepan', 'Smakowity marcepan w gorzkiej czekoladzie.', 0.38, 30);
INSERT INTO czekoladki (idczekoladki, nazwa, czekolada, orzechy, nadzienie, opis, koszt, masa) VALUES ('f01', 'Twarda kremowa włoska', 'twarda', 'włoskie', 'krem', 'Słodziutki krem z orzechami włoskimi.', 0.19, 25);
INSERT INTO czekoladki (idczekoladki, nazwa, czekolada, orzechy, nadzienie, opis, koszt, masa) VALUES ('f02', 'Twarda kremowa pistacjowa', 'twarda', 'pistacjowe', 'krem', 'Słodziutki krem z orzechami pistacjowymi.', 0.21, 25);
INSERT INTO czekoladki (idczekoladki, nazwa, czekolada, orzechy, nadzienie, opis, koszt, masa) VALUES ('m01', 'Słodkie truskawki', 'mleczna', NULL, 'truskawki', 'Truskawki oblewane mleczną czekoladą.', 0.20, 25);
INSERT INTO czekoladki (idczekoladki, nazwa, czekolada, orzechy, nadzienie, opis, koszt, masa) VALUES ('m02', 'Smak macadamia', 'mleczna', 'macadamia', NULL, 'Całe macadamia, ręcznie umieszczane w mlecznej czekoladzie.', 0.40, 20);
INSERT INTO czekoladki (idczekoladki, nazwa, czekolada, orzechy, nadzienie, opis, koszt, masa) VALUES ('m03', 'Smak pistacji', 'mleczna', 'Pistacjowe', NULL, 'Całe pistacjowe orzechy, ręcznie umieszczane w mlecznej czekoladzie.', 0.30, 12);
INSERT INTO czekoladki (idczekoladki, nazwa, czekolada, orzechy, nadzienie, opis, koszt, masa) VALUES ('m04', 'Rozkosz kremu orzechowego', 'mleczna', NULL, 'krem orzechowy', 'Delikatny krem orzechowy robiony z senegalskich orzeszków w mlecznej czekoladzie.', 0.21, 12);
INSERT INTO czekoladki (idczekoladki, nazwa, czekolada, orzechy, nadzienie, opis, koszt, masa) VALUES ('m05', 'Marcepanki', 'mleczna', NULL, 'marcepan', 'Marcepan oblewany mleczną czekoladą.', 0.32, 35);
INSERT INTO czekoladki (idczekoladki, nazwa, czekolada, orzechy, nadzienie, opis, koszt, masa) VALUES ('m06', 'Serce kochanka', 'mleczna', NULL, 'krem wiśniowy', 'Czekoladki mleczne w kształcie serc z nadzieniem wiśniowym.', 0.25, 35);
INSERT INTO czekoladki (idczekoladki, nazwa, czekolada, orzechy, nadzienie, opis, koszt, masa) VALUES ('m07', 'Jabłkowe amory', 'mleczna', 'migdały', NULL, 'Mleczne czekoladki w kształcie jabłuszek z listkami z migdałów.', 0.24, 25);
INSERT INTO czekoladki (idczekoladki, nazwa, czekolada, orzechy, nadzienie, opis, koszt, masa) VALUES ('m08', 'Marcepanowy klon', 'mleczna', NULL, 'marcepan', 'Marcepan w kształcie listków klonu z mleczną czekoladą.', 0.37, 25);
INSERT INTO czekoladki (idczekoladki, nazwa, czekolada, orzechy, nadzienie, opis, koszt, masa) VALUES ('m09', 'Słodkie maliny', 'mleczna', NULL, 'maliny', 'Maliny oblewane mleczną czekoladą.', 0.26, 15);
INSERT INTO czekoladki (idczekoladki, nazwa, czekolada, orzechy, nadzienie, opis, koszt, masa) VALUES ('m10', 'Niezapominajki', 'mleczna', NULL, 'jagody', 'Niezapomniana mleczna czekolada nadziewana jagodami.', 0.19, 15);
INSERT INTO czekoladki (idczekoladki, nazwa, czekolada, orzechy, nadzienie, opis, koszt, masa) VALUES ('m11', 'Słodkie wiśnie', 'mleczna', NULL, 'wiśnie', 'Wiśnie w polewie z mlecznej czekolady.', 0.27, 20);
INSERT INTO czekoladki (idczekoladki, nazwa, czekolada, orzechy, nadzienie, opis, koszt, masa) VALUES ('m12', 'Słodkie jagody', 'mleczna', NULL, 'jagody', 'Jagody osładzane mleczną czekoladą.', 0.25, 20);
INSERT INTO czekoladki (idczekoladki, nazwa, czekolada, orzechy, nadzienie, opis, koszt, masa) VALUES ('m13', 'Słodka marmolada', 'mleczna', NULL, 'marmolada', 'Mleczna czekolada z nadzieniem z pomarańczowej marmolady.', 0.18, 30);
INSERT INTO czekoladki (idczekoladki, nazwa, czekolada, orzechy, nadzienie, opis, koszt, masa) VALUES ('m14', 'Wiśnie z orzechami', 'mleczna', 'laskowe', 'krem wiśniowy', 'Świetne orzechy laskowe przykryte kremem wiśniowym i mleczną czekoladą.', 0.26, 30);
INSERT INTO czekoladki (idczekoladki, nazwa, czekolada, orzechy, nadzienie, opis, koszt, masa) VALUES ('m15', 'Tropikalna palma', 'mleczna', NULL, 'kokosy', 'Palma z mlecznej czekolady z kokosami.', 0.23, 25);
INSERT INTO czekoladki (idczekoladki, nazwa, czekolada, orzechy, nadzienie, opis, koszt, masa) VALUES ('m16', 'Cud marcepanu', 'mleczna', NULL, 'marcepan', 'Marcepan w kształcie migdałów z czekoladowym "Mniam mniam".', 0.33, 25);
INSERT INTO czekoladki (idczekoladki, nazwa, czekolada, orzechy, nadzienie, opis, koszt, masa) VALUES ('m17', 'Amaretto z orzechali', 'mleczna', 'laskowe', 'amaretto', 'Orzechy laskowe z amaretto oblewane mleczną czekoladą.', 0.36, 25);
INSERT INTO czekoladki (idczekoladki, nazwa, czekolada, orzechy, nadzienie, opis, koszt, masa) VALUES ('m18', 'Orzechy w kremie', 'mleczna', 'laskowe', 'krem', 'Orzechy laskowe z kremem oblewane mleczną czekoladą.', 0.33, 20);
INSERT INTO czekoladki (idczekoladki, nazwa, czekolada, orzechy, nadzienie, opis, koszt, masa) VALUES ('w01', 'Marcepanowa jaskółka', 'biała', NULL, 'marcepan', 'Marcepanowe jaskółki o skrzydłach z mlecznej czekolady.', 0.34, 20);
INSERT INTO czekoladki (idczekoladki, nazwa, czekolada, orzechy, nadzienie, opis, koszt, masa) VALUES ('w02', 'Biale lilie', 'biała', NULL, NULL, 'Elegancka biała czekolada formowana w kształcie lilii.', 0.27, 25);
INSERT INTO czekoladki (idczekoladki, nazwa, czekolada, orzechy, nadzienie, opis, koszt, masa) VALUES ('w03', 'Zlamane serce', 'biała', 'pekan', NULL, 'Dwie połówki pekanowego serca z białej czekolady.', 0.30, 25);
INSERT INTO czekoladki (idczekoladki, nazwa, czekolada, orzechy, nadzienie, opis, koszt, masa) VALUES ('w06', 'Smak Brazylii', 'biała', 'brazylijskie', NULL, 'Brazylijskie orzechy, ręcznie umieszczane w białej czekoladzie.', 0.28, 35);


INSERT INTO klienci (idklienta, nazwa, ulica, miejscowosc, kod, telefon) VALUES (1, 'Hłasko Regina', 'Edwarda Bera 5', 'Elbląg', '91-001', '111 222 111');
INSERT INTO klienci (idklienta, nazwa, ulica, miejscowosc, kod, telefon) VALUES (2, 'Pikowski Stefan', 'Wolna 3', 'Kraków', '92-111', '012 111 11 11');
INSERT INTO klienci (idklienta, nazwa, ulica, miejscowosc, kod, telefon) VALUES (3, 'Czarnkowska Dalia', 'Wolska 89', 'Iława', '11-373', '111 222 001');
INSERT INTO klienci (idklienta, nazwa, ulica, miejscowosc, kod, telefon) VALUES (4, 'Wandziak Wojciech', 'Gregorowa 3', 'Warszawa', '10-001', '111 222 002');
INSERT INTO klienci (idklienta, nazwa, ulica, miejscowosc, kod, telefon) VALUES (7, 'Wojak Alicja', 'Beringa 89', 'Wrocław', '70-764', '111 222 003');
INSERT INTO klienci (idklienta, nazwa, ulica, miejscowosc, kod, telefon) VALUES (8, 'Górka Andrzej', 'Stefanowska 35', 'Gdańsk', '11-788', '111 222 004');
INSERT INTO klienci (idklienta, nazwa, ulica, miejscowosc, kod, telefon) VALUES (10, 'Moniak Antoni', 'Młyńska 34', 'Kraków', '91-001', '012 222 22 00');
INSERT INTO klienci (idklienta, nazwa, ulica, miejscowosc, kod, telefon) VALUES (11, 'Sokół Robert', 'Akacjowa 3', 'Kraków', '92-111', '012 111 11 00');
INSERT INTO klienci (idklienta, nazwa, ulica, miejscowosc, kod, telefon) VALUES (12, 'Witak Nina', 'Kasztanowa 23', 'Warszawa', '11-373', '022 888 88 00');
INSERT INTO klienci (idklienta, nazwa, ulica, miejscowosc, kod, telefon) VALUES (13, 'Walendziak Jarosław', 'Krucza 12', 'Warszawa', '10-001', '022 888 88 01');
INSERT INTO klienci (idklienta, nazwa, ulica, miejscowosc, kod, telefon) VALUES (14, 'Piotrowska Regina', 'Rzeczna 44', 'Borki', '74-013', '123 456 002');
INSERT INTO klienci (idklienta, nazwa, ulica, miejscowosc, kod, telefon) VALUES (15, 'Miszak Stefan', 'Boczna 23/91', 'Pomiechówek', '70-764', '123 456 003');
INSERT INTO klienci (idklienta, nazwa, ulica, miejscowosc, kod, telefon) VALUES (16, 'Sowa Dalia', 'Krucza 12/43', 'Warszawa', '11-788', '123 456 004');
INSERT INTO klienci (idklienta, nazwa, ulica, miejscowosc, kod, telefon) VALUES (18, 'Wolski Wojciech', 'Edwarda Bera 5', 'Lubinek', '91-001', '123 456 005');
INSERT INTO klienci (idklienta, nazwa, ulica, miejscowosc, kod, telefon) VALUES (19, 'Wojak Mirosław', 'Akacjowa 3', 'Borki', '92-111', '777 001 001');
INSERT INTO klienci (idklienta, nazwa, ulica, miejscowosc, kod, telefon) VALUES (21, 'Górka Alicja', 'Wolna12/89', 'Katowice', '11-373', '777 001 002');
INSERT INTO klienci (idklienta, nazwa, ulica, miejscowosc, kod, telefon) VALUES (22, 'Moński Andrzej', 'Towarowa 3', 'Kraków', '10-001', '777 001 003');
INSERT INTO klienci (idklienta, nazwa, ulica, miejscowosc, kod, telefon) VALUES (24, 'Sokół Antoni', 'Prosta 345', 'Siedlce', '74-013', '777 001 004');
INSERT INTO klienci (idklienta, nazwa, ulica, miejscowosc, kod, telefon) VALUES (25, 'Heroński Robert', 'Barstefska 89', 'Gdańsk', '70-764', '777 001 005');
INSERT INTO klienci (idklienta, nazwa, ulica, miejscowosc, kod, telefon) VALUES (26, 'Walendziak Tomasz', 'Rzeczna 4', 'Płock', '91-001', '777 001 006');
INSERT INTO klienci (idklienta, nazwa, ulica, miejscowosc, kod, telefon) VALUES (27, 'Piotrowski Jaroslaw', 'Młyńska 34', 'Borki', '92-111', '777 001 007');
INSERT INTO klienci (idklienta, nazwa, ulica, miejscowosc, kod, telefon) VALUES (28, 'Miszak Helena', 'Akacjowa 3', 'Kraków', '11-373', '012 555 00 11');
INSERT INTO klienci (idklienta, nazwa, ulica, miejscowosc, kod, telefon) VALUES (29, 'Sowa Rafał', 'Kasztanowa 23', 'Siedlce', '10-001', '333 000 100');
INSERT INTO klienci (idklienta, nazwa, ulica, miejscowosc, kod, telefon) VALUES (30, 'Wolska Regina', 'Krucza 12', 'Gdańsk', '74-013', '333 000 101');
INSERT INTO klienci (idklienta, nazwa, ulica, miejscowosc, kod, telefon) VALUES (31, 'Fisiak Stefan', 'Rzeczna 44', 'Pomiechówek', '70-764', '333 000 102');
INSERT INTO klienci (idklienta, nazwa, ulica, miejscowosc, kod, telefon) VALUES (33, 'Wojak Dalia', 'Boczna 23/91', 'Kraków', '91-001', '333 000 103');
INSERT INTO klienci (idklienta, nazwa, ulica, miejscowosc, kod, telefon) VALUES (34, 'Górka Wojciech', 'Krucza 12/43', 'Siedlce', '92-111', '333 000 104');
INSERT INTO klienci (idklienta, nazwa, ulica, miejscowosc, kod, telefon) VALUES (35, 'Moniak Mirosław', 'Trakt 10', 'Gdańsk', '11-373', '333 000 105');
INSERT INTO klienci (idklienta, nazwa, ulica, miejscowosc, kod, telefon) VALUES (37, 'Sokół Alicja', 'Akacjowa 12/89', 'Borki', '10-001', '333 000 106');
INSERT INTO klienci (idklienta, nazwa, ulica, miejscowosc, kod, telefon) VALUES (38, 'Helkowski Andrzej', 'Edwarda Bera 5', 'Katowice', '74-013', '333 000 107');
INSERT INTO klienci (idklienta, nazwa, ulica, miejscowosc, kod, telefon) VALUES (39, 'Walendziak Antoni', 'Akacjowa 3', 'Kraków', '70-764', '012 111 11 55');
INSERT INTO klienci (idklienta, nazwa, ulica, miejscowosc, kod, telefon) VALUES (40, 'Piotrowska Regina', 'Wolna12/89', 'Siedlce', '11-788', '787 345 012');
INSERT INTO klienci (idklienta, nazwa, ulica, miejscowosc, kod, telefon) VALUES (42, 'Wojak Stefan', 'Towarowa 3', 'Gdańsk', '79-408', '787 345 013');
INSERT INTO klienci (idklienta, nazwa, ulica, miejscowosc, kod, telefon) VALUES (43, 'Górka Dalia', 'Prosta 345', 'Dołowe', '19-047', '787 345 014');
INSERT INTO klienci (idklienta, nazwa, ulica, miejscowosc, kod, telefon) VALUES (44, 'Moniak Wojciech', 'Beringa 89', 'Pomiechówek', '91-001', '787 345 015');
INSERT INTO klienci (idklienta, nazwa, ulica, miejscowosc, kod, telefon) VALUES (46, 'Sokół Miroslaw', 'Rzeczna 4', 'Borki', '92-111', '787 345 016');
INSERT INTO klienci (idklienta, nazwa, ulica, miejscowosc, kod, telefon) VALUES (47, 'Hern Alicja', 'Młyńska 34', 'Doły', '11-373', '787 345 017');
INSERT INTO klienci (idklienta, nazwa, ulica, miejscowosc, kod, telefon) VALUES (48, 'Walendziak Andrzej', 'Akacjowa 3', 'Kraków', '10-001', '787 345 018');
INSERT INTO klienci (idklienta, nazwa, ulica, miejscowosc, kod, telefon) VALUES (49, 'Piotrowski Antoni', 'Kasztanowa 23', 'Kownik', '74-013', '232 777 900');
INSERT INTO klienci (idklienta, nazwa, ulica, miejscowosc, kod, telefon) VALUES (50, 'Miszak Robert', 'Krucza 12', 'Katowice', '70-764', '232 777 901');
INSERT INTO klienci (idklienta, nazwa, ulica, miejscowosc, kod, telefon) VALUES (51, 'Sowa Tomasz', 'Edwarda Bera 5', 'Siedlce', '11-788', '232 777 902');
INSERT INTO klienci (idklienta, nazwa, ulica, miejscowosc, kod, telefon) VALUES (52, 'Wolski Jarosław', 'Akacjowa 3', 'Sopot', '91-001', '232 777 903');
INSERT INTO klienci (idklienta, nazwa, ulica, miejscowosc, kod, telefon) VALUES (53, 'Fisiak Helena', 'Wolna12/89', 'Pomiechówek', '92-111', '232 777 904');
INSERT INTO klienci (idklienta, nazwa, ulica, miejscowosc, kod, telefon) VALUES (54, 'Fisiak Regina', 'Towarowa 3', 'Kraków', '11-373', '232 777 905');
INSERT INTO klienci (idklienta, nazwa, ulica, miejscowosc, kod, telefon) VALUES (55, 'Wojak Stefan', 'Prosta 345', 'Siedlce', '10-001', '232 777 906');
INSERT INTO klienci (idklienta, nazwa, ulica, miejscowosc, kod, telefon) VALUES (56, 'Górka Dalia', 'Beringa 89', 'Gdańsk', '74-013', '232 777 907');
INSERT INTO klienci (idklienta, nazwa, ulica, miejscowosc, kod, telefon) VALUES (57, 'Moniak Wojciech', 'Rzeczna 4', 'Pomiechówek', '70-764', '232 777 908');
INSERT INTO klienci (idklienta, nazwa, ulica, miejscowosc, kod, telefon) VALUES (58, 'Sokół Mirosław', 'Młyńska 34', 'Pomiechówek', '11-788', '232 777 909');
INSERT INTO klienci (idklienta, nazwa, ulica, miejscowosc, kod, telefon) VALUES (59, 'Herron Alicja', 'Akacjowa 3', 'Wicie', '79-408', '564 345 303');
INSERT INTO klienci (idklienta, nazwa, ulica, miejscowosc, kod, telefon) VALUES (62, 'Walendziak Andrzej', 'Kasztanowa 23', 'Siedlce', '91-001', '564 345 304');
INSERT INTO klienci (idklienta, nazwa, ulica, miejscowosc, kod, telefon) VALUES (63, 'Piotrowski Antoni', 'Krucza 12', 'Kraków', '92-111', '012 334 44 56');
INSERT INTO klienci (idklienta, nazwa, ulica, miejscowosc, kod, telefon) VALUES (64, 'Wojak Robert', 'Rzeczna 44', 'Siedlce', '11-373', '564 345 305');
INSERT INTO klienci (idklienta, nazwa, ulica, miejscowosc, kod, telefon) VALUES (66, 'Górka Tomasz', 'Boczna 23/91', 'Gdańsk', '10-001', '564 345 306');
INSERT INTO klienci (idklienta, nazwa, ulica, miejscowosc, kod, telefon) VALUES (67, 'Moniak Jarosław', 'Edwarda Bera 5', 'Michów', '74-013', '564 345 307');
INSERT INTO klienci (idklienta, nazwa, ulica, miejscowosc, kod, telefon) VALUES (68, 'Witak Nina', 'Akacjowa 3', 'Siedlce', '70-764', '564 345 308');
INSERT INTO klienci (idklienta, nazwa, ulica, miejscowosc, kod, telefon) VALUES (69, 'Herron Stefan', 'Wolna 12/89', 'Gdańsk', '11-788', '564 345 309');
INSERT INTO klienci (idklienta, nazwa, ulica, miejscowosc, kod, telefon) VALUES (70, 'Walendziak Dalia', 'Towarowa 3', 'Tarnów', '79-408', '564 345 312');
INSERT INTO klienci (idklienta, nazwa, ulica, miejscowosc, kod, telefon) VALUES (71, 'Piotrowski Wojciech', 'Prosta 345', 'Kraków', '19-047', '012 334 44 57');
INSERT INTO klienci (idklienta, nazwa, ulica, miejscowosc, kod, telefon) VALUES (73, 'Miszak Mirosław', 'Beringa 89', 'Płock', '81-230', '746 006 020');
INSERT INTO klienci (idklienta, nazwa, ulica, miejscowosc, kod, telefon) VALUES (74, 'Sowa Alicja', 'Rzeczna 4', 'Siedlce', '91-001', '746 006 021');
INSERT INTO klienci (idklienta, nazwa, ulica, miejscowosc, kod, telefon) VALUES (76, 'Wolski Andrzej', 'Młyńska 34', 'Sokółka', '92-111', '746 006 022');
INSERT INTO klienci (idklienta, nazwa, ulica, miejscowosc, kod, telefon) VALUES (79, 'Fisiak Antoni', 'Akacjowa 3', 'Konstancin', '11-373', '746 006 023');
INSERT INTO klienci (idklienta, nazwa, ulica, miejscowosc, kod, telefon) VALUES (80, 'Wyga Robert', 'Kasztanowa 23', 'Płock', '10-001', '746 006 024');
INSERT INTO klienci (idklienta, nazwa, ulica, miejscowosc, kod, telefon) VALUES (82, 'Fisiak Tomasz', 'Krucza 12', 'Katowice', '74-013', '746 006 025');
INSERT INTO klienci (idklienta, nazwa, ulica, miejscowosc, kod, telefon) VALUES (84, 'Wojak Jarosław', 'Rzeczna 44', 'Ludwiki', '70-764', '746 006 026');
INSERT INTO klienci (idklienta, nazwa, ulica, miejscowosc, kod, telefon) VALUES (85, 'Górka Helena', 'Boczna 23/91', 'Regina', '11-788', '746 006 027');
INSERT INTO klienci (idklienta, nazwa, ulica, miejscowosc, kod, telefon) VALUES (86, 'Moniak Rafał', 'Krucza 12/43', 'Kraków', '79-408', '012 334 44 58');


INSERT INTO pudelka (idpudelka, nazwa, opis, cena, stan) VALUES ('alls', 'Pory roku', 'Jagody, truskawki i maliny, wszystkie słodziutkie i smaczne.', 14.00, 700);
INSERT INTO pudelka (idpudelka, nazwa, opis, cena, stan) VALUES ('alpi', 'Kolekcja alpejska', 'Alpejskie jagody i maliny w naszej najlepszej czekoladzie.', 20.00, 400);
INSERT INTO pudelka (idpudelka, nazwa, opis, cena, stan) VALUES ('autu', 'Kolekcja jesienna', 'Rodzinne pudełko czekoladek, na jesienne wieczory.', 43.00, 200);
INSERT INTO pudelka (idpudelka, nazwa, opis, cena, stan) VALUES ('bitt', 'Gorzkie czekoladki', 'Nasza gorzka czekolada z jagodami, wiśniami, marmoladą, malinami i truskawkami.', 27.70, 200);
INSERT INTO pudelka (idpudelka, nazwa, opis, cena, stan) VALUES ('cher', 'Klasyczne wiśnie', 'Całe wiśnie w czekoladzie, klasyczne i słodkie.', 16.20, 500);
INSERT INTO pudelka (idpudelka, nazwa, opis, cena, stan) VALUES ('fudg', 'Kremowa fantazja', 'Kolekcja czekoladek kremowych - jak senne marzenie.', 18.00, 400);
INSERT INTO pudelka (idpudelka, nazwa, opis, cena, stan) VALUES ('heav', 'Niebiańskie orzechy', 'Najlepsze orzechy w orzechowych czekoladkach.', 15.00, 300);
INSERT INTO pudelka (idpudelka, nazwa, opis, cena, stan) VALUES ('inte', 'Międzynarodowe', 'Międzynarodowy zestaw czekoladek zawierający czekoladki: Amerykańska piękność, Smak Brazylii i Czekoladowe kiwi.', 34.00, 500);
INSERT INTO pudelka (idpudelka, nazwa, opis, cena, stan) VALUES ('isla', 'Islandzka kolekcja', 'Delikatesy które zabiorą Cię na bezludną wyspę, czekoladki: Czekoladowe kiwi, Białe lilie i Tropikalna palma.', 35.00, 400);
INSERT INTO pudelka (idpudelka, nazwa, opis, cena, stan) VALUES ('love', 'Serca kochanków', 'Najlepsze czekoladki mleczne w sercowej kolekcji, takie jak: Złamane serce, Serce kochanka i Serce na dłoni.', 17.50, 300);
INSERT INTO pudelka (idpudelka, nazwa, opis, cena, stan) VALUES ('marz', 'Marcepanowy cud', 'Świetny zestaw marcepanowych czekoladek.', 32.20, 500);
INSERT INTO pudelka (idpudelka, nazwa, opis, cena, stan) VALUES ('nort', 'Kolekcja północna', 'Szczególna kolekcja czekoladek dla kochanków, takich jak: Marcepanowy klon, Marcepanowa jaskółka i  Niezapominajki.', 32.20, 700);
INSERT INTO pudelka (idpudelka, nazwa, opis, cena, stan) VALUES ('paci', 'Obfitość Pacyfiku', 'Najwykwintniejszy zestaw czekoladek Pacyfiku: Białe lilie, Amaretto z orzechami i Orzechy w kremie.', 21.00, 500);
INSERT INTO pudelka (idpudelka, nazwa, opis, cena, stan) VALUES ('pean', 'Kremowe delikatesy', 'Oblewana czekoladą masa kremowa, smakująca wszystkim.', 19.00, 900);
INSERT INTO pudelka (idpudelka, nazwa, opis, cena, stan) VALUES ('roma', 'Kolekcja romantyczna', 'Nasz klasyczny i romantyczny wybór czekoladek: Migdałowa ambrozja, Płomienna ekstaza, Amerykańska piękność i Jabłkowe amory.', 34.00, 700);
INSERT INTO pudelka (idpudelka, nazwa, opis, cena, stan) VALUES ('supr', 'Smaki', 'Smaki wybranych orzechów oblewanych czekoladą.', 18.00, 400);
INSERT INTO pudelka (idpudelka, nazwa, opis, cena, stan) VALUES ('swe2', 'Słodkie kremowe', 'Smakowite kremy dla wszystkich którzy uwielbiają nadzienie kremowe.', 23.00, 200);
INSERT INTO pudelka (idpudelka, nazwa, opis, cena, stan) VALUES ('swee', 'Mieszanka czekoladowa', 'Nasza najlepsza mieszanka owoców w czekoladzie.', 27.00, 300);


INSERT INTO zamowienia (idzamowienia, idklienta, datarealizacji) VALUES (1, 2, '2013-10-30');
INSERT INTO zamowienia (idzamowienia, idklienta, datarealizacji) VALUES (3, 57, '2013-10-30');
INSERT INTO zamowienia (idzamowienia, idklienta, datarealizacji) VALUES (4, 58, '2013-10-31');
INSERT INTO zamowienia (idzamowienia, idklienta, datarealizacji) VALUES (5, 12, '2013-10-31');
INSERT INTO zamowienia (idzamowienia, idklienta, datarealizacji) VALUES (6, 1, '2013-11-02');
INSERT INTO zamowienia (idzamowienia, idklienta, datarealizacji) VALUES (7, 33, '2013-11-02');
INSERT INTO zamowienia (idzamowienia, idklienta, datarealizacji) VALUES (8, 4, '2013-11-02');
INSERT INTO zamowienia (idzamowienia, idklienta, datarealizacji) VALUES (9, 86, '2013-11-05');
INSERT INTO zamowienia (idzamowienia, idklienta, datarealizacji) VALUES (10, 54, '2013-11-06');
INSERT INTO zamowienia (idzamowienia, idklienta, datarealizacji) VALUES (11, 11, '2013-11-07');
INSERT INTO zamowienia (idzamowienia, idklienta, datarealizacji) VALUES (12, 4, '2013-11-08');
INSERT INTO zamowienia (idzamowienia, idklienta, datarealizacji) VALUES (13, 53, '2013-11-09');
INSERT INTO zamowienia (idzamowienia, idklienta, datarealizacji) VALUES (14, 59, '2013-11-09');
INSERT INTO zamowienia (idzamowienia, idklienta, datarealizacji) VALUES (15, 62, '2013-11-12');
INSERT INTO zamowienia (idzamowienia, idklienta, datarealizacji) VALUES (16, 12, '2013-11-12');
INSERT INTO zamowienia (idzamowienia, idklienta, datarealizacji) VALUES (17, 86, '2013-11-12');
INSERT INTO zamowienia (idzamowienia, idklienta, datarealizacji) VALUES (18, 4, '2013-11-12');
INSERT INTO zamowienia (idzamowienia, idklienta, datarealizacji) VALUES (19, 38, '2013-11-12');
INSERT INTO zamowienia (idzamowienia, idklienta, datarealizacji) VALUES (20, 71, '2013-11-13');
INSERT INTO zamowienia (idzamowienia, idklienta, datarealizacji) VALUES (22, 73, '2013-11-14');
INSERT INTO zamowienia (idzamowienia, idklienta, datarealizacji) VALUES (23, 2, '2013-11-15');
INSERT INTO zamowienia (idzamowienia, idklienta, datarealizacji) VALUES (24, 63, '2013-11-16');
INSERT INTO zamowienia (idzamowienia, idklienta, datarealizacji) VALUES (25, 64, '2013-11-16');
INSERT INTO zamowienia (idzamowienia, idklienta, datarealizacji) VALUES (26, 4, '2013-11-17');
INSERT INTO zamowienia (idzamowienia, idklienta, datarealizacji) VALUES (27, 86, '2013-11-17');
INSERT INTO zamowienia (idzamowienia, idklienta, datarealizacji) VALUES (28, 54, '2013-11-17');
INSERT INTO zamowienia (idzamowienia, idklienta, datarealizacji) VALUES (29, 74, '2013-11-18');
INSERT INTO zamowienia (idzamowienia, idklienta, datarealizacji) VALUES (30, 76, '2013-11-19');
INSERT INTO zamowienia (idzamowienia, idklienta, datarealizacji) VALUES (31, 3, '2013-11-19');
INSERT INTO zamowienia (idzamowienia, idklienta, datarealizacji) VALUES (32, 54, '2013-11-20');
INSERT INTO zamowienia (idzamowienia, idklienta, datarealizacji) VALUES (33, 43, '2013-11-21');
INSERT INTO zamowienia (idzamowienia, idklienta, datarealizacji) VALUES (34, 44, '2013-11-22');
INSERT INTO zamowienia (idzamowienia, idklienta, datarealizacji) VALUES (35, 46, '2013-11-23');
INSERT INTO zamowienia (idzamowienia, idklienta, datarealizacji) VALUES (36, 12, '2013-11-24');
INSERT INTO zamowienia (idzamowienia, idklienta, datarealizacji) VALUES (37, 26, '2013-11-24');
INSERT INTO zamowienia (idzamowienia, idklienta, datarealizacji) VALUES (38, 31, '2013-11-25');
INSERT INTO zamowienia (idzamowienia, idklienta, datarealizacji) VALUES (39, 26, '2013-11-25');
INSERT INTO zamowienia (idzamowienia, idklienta, datarealizacji) VALUES (40, 55, '2013-11-25');
INSERT INTO zamowienia (idzamowienia, idklienta, datarealizacji) VALUES (41, 86, '2013-11-26');
INSERT INTO zamowienia (idzamowienia, idklienta, datarealizacji) VALUES (42, 7, '2013-11-26');
INSERT INTO zamowienia (idzamowienia, idklienta, datarealizacji) VALUES (43, 40, '2013-11-26');
INSERT INTO zamowienia (idzamowienia, idklienta, datarealizacji) VALUES (44, 82, '2013-11-27');
INSERT INTO zamowienia (idzamowienia, idklienta, datarealizacji) VALUES (45, 28, '2013-11-27');
INSERT INTO zamowienia (idzamowienia, idklienta, datarealizacji) VALUES (46, 29, '2013-11-27');
INSERT INTO zamowienia (idzamowienia, idklienta, datarealizacji) VALUES (47, 30, '2013-11-27');
INSERT INTO zamowienia (idzamowienia, idklienta, datarealizacji) VALUES (49, 3, '2013-12-05');
INSERT INTO zamowienia (idzamowienia, idklienta, datarealizacji) VALUES (50, 28, '2013-12-05');
INSERT INTO zamowienia (idzamowienia, idklienta, datarealizacji) VALUES (51, 2, '2013-12-06');
INSERT INTO zamowienia (idzamowienia, idklienta, datarealizacji) VALUES (52, 26, '2013-12-06');
INSERT INTO zamowienia (idzamowienia, idklienta, datarealizacji) VALUES (53, 39, '2013-12-06');
INSERT INTO zamowienia (idzamowienia, idklienta, datarealizacji) VALUES (54, 73, '2013-12-06');
INSERT INTO zamowienia (idzamowienia, idklienta, datarealizacji) VALUES (55, 54, '2013-12-06');
INSERT INTO zamowienia (idzamowienia, idklienta, datarealizacji) VALUES (56, 35, '2013-12-06');
INSERT INTO zamowienia (idzamowienia, idklienta, datarealizacji) VALUES (57, 2, '2013-12-06');
INSERT INTO zamowienia (idzamowienia, idklienta, datarealizacji) VALUES (58, 79, '2013-12-07');
INSERT INTO zamowienia (idzamowienia, idklienta, datarealizacji) VALUES (59, 80, '2013-12-07');
INSERT INTO zamowienia (idzamowienia, idklienta, datarealizacji) VALUES (60, 82, '2013-12-07');
INSERT INTO zamowienia (idzamowienia, idklienta, datarealizacji) VALUES (61, 66, '2013-12-07');
INSERT INTO zamowienia (idzamowienia, idklienta, datarealizacji) VALUES (62, 67, '2013-12-07');
INSERT INTO zamowienia (idzamowienia, idklienta, datarealizacji) VALUES (63, 49, '2013-12-07');
INSERT INTO zamowienia (idzamowienia, idklienta, datarealizacji) VALUES (64, 82, '2013-12-07');
INSERT INTO zamowienia (idzamowienia, idklienta, datarealizacji) VALUES (65, 68, '2013-12-08');
INSERT INTO zamowienia (idzamowienia, idklienta, datarealizacji) VALUES (66, 69, '2013-12-08');
INSERT INTO zamowienia (idzamowienia, idklienta, datarealizacji) VALUES (67, 70, '2013-12-08');
INSERT INTO zamowienia (idzamowienia, idklienta, datarealizacji) VALUES (68, 63, '2013-12-08');
INSERT INTO zamowienia (idzamowienia, idklienta, datarealizacji) VALUES (69, 35, '2013-12-08');
INSERT INTO zamowienia (idzamowienia, idklienta, datarealizacji) VALUES (70, 49, '2013-12-08');
INSERT INTO zamowienia (idzamowienia, idklienta, datarealizacji) VALUES (71, 8, '2013-12-08');
INSERT INTO zamowienia (idzamowienia, idklienta, datarealizacji) VALUES (72, 10, '2013-12-09');
INSERT INTO zamowienia (idzamowienia, idklienta, datarealizacji) VALUES (73, 11, '2013-12-09');
INSERT INTO zamowienia (idzamowienia, idklienta, datarealizacji) VALUES (74, 12, '2013-12-09');
INSERT INTO zamowienia (idzamowienia, idklienta, datarealizacji) VALUES (75, 13, '2013-12-09');
INSERT INTO zamowienia (idzamowienia, idklienta, datarealizacji) VALUES (76, 11, '2013-12-09');
INSERT INTO zamowienia (idzamowienia, idklienta, datarealizacji) VALUES (77, 14, '2013-12-09');
INSERT INTO zamowienia (idzamowienia, idklienta, datarealizacji) VALUES (78, 21, '2013-12-09');
INSERT INTO zamowienia (idzamowienia, idklienta, datarealizacji) VALUES (79, 7, '2013-12-10');
INSERT INTO zamowienia (idzamowienia, idklienta, datarealizacji) VALUES (80, 28, '2013-12-10');
INSERT INTO zamowienia (idzamowienia, idklienta, datarealizacji) VALUES (81, 29, '2013-12-10');
INSERT INTO zamowienia (idzamowienia, idklienta, datarealizacji) VALUES (82, 30, '2013-12-10');
INSERT INTO zamowienia (idzamowienia, idklienta, datarealizacji) VALUES (83, 14, '2013-12-10');
INSERT INTO zamowienia (idzamowienia, idklienta, datarealizacji) VALUES (84, 15, '2013-12-10');
INSERT INTO zamowienia (idzamowienia, idklienta, datarealizacji) VALUES (85, 16, '2013-12-10');
INSERT INTO zamowienia (idzamowienia, idklienta, datarealizacji) VALUES (86, 18, '2013-12-11');
INSERT INTO zamowienia (idzamowienia, idklienta, datarealizacji) VALUES (87, 73, '2013-12-11');
INSERT INTO zamowienia (idzamowienia, idklienta, datarealizacji) VALUES (88, 14, '2013-12-11');
INSERT INTO zamowienia (idzamowienia, idklienta, datarealizacji) VALUES (89, 15, '2013-12-11');
INSERT INTO zamowienia (idzamowienia, idklienta, datarealizacji) VALUES (90, 16, '2013-12-11');
INSERT INTO zamowienia (idzamowienia, idklienta, datarealizacji) VALUES (91, 18, '2013-12-11');
INSERT INTO zamowienia (idzamowienia, idklienta, datarealizacji) VALUES (92, 19, '2013-12-11');
INSERT INTO zamowienia (idzamowienia, idklienta, datarealizacji) VALUES (93, 21, '2013-12-12');
INSERT INTO zamowienia (idzamowienia, idklienta, datarealizacji) VALUES (94, 22, '2013-12-12');
INSERT INTO zamowienia (idzamowienia, idklienta, datarealizacji) VALUES (95, 24, '2013-12-12');
INSERT INTO zamowienia (idzamowienia, idklienta, datarealizacji) VALUES (96, 49, '2013-12-12');
INSERT INTO zamowienia (idzamowienia, idklienta, datarealizacji) VALUES (97, 3, '2013-12-12');
INSERT INTO zamowienia (idzamowienia, idklienta, datarealizacji) VALUES (98, 25, '2013-12-12');
INSERT INTO zamowienia (idzamowienia, idklienta, datarealizacji) VALUES (99, 26, '2013-12-12');
INSERT INTO zamowienia (idzamowienia, idklienta, datarealizacji) VALUES (100, 27, '2013-12-13');
INSERT INTO zamowienia (idzamowienia, idklienta, datarealizacji) VALUES (101, 4, '2013-12-13');
INSERT INTO zamowienia (idzamowienia, idklienta, datarealizacji) VALUES (102, 28, '2013-12-13');
INSERT INTO zamowienia (idzamowienia, idklienta, datarealizacji) VALUES (103, 29, '2013-12-13');
INSERT INTO zamowienia (idzamowienia, idklienta, datarealizacji) VALUES (104, 30, '2013-12-13');
INSERT INTO zamowienia (idzamowienia, idklienta, datarealizacji) VALUES (105, 31, '2013-12-13');
INSERT INTO zamowienia (idzamowienia, idklienta, datarealizacji) VALUES (106, 53, '2013-12-13');
INSERT INTO zamowienia (idzamowienia, idklienta, datarealizacji) VALUES (107, 84, '2013-12-14');
INSERT INTO zamowienia (idzamowienia, idklienta, datarealizacji) VALUES (108, 79, '2013-12-14');
INSERT INTO zamowienia (idzamowienia, idklienta, datarealizacji) VALUES (109, 33, '2013-12-14');
INSERT INTO zamowienia (idzamowienia, idklienta, datarealizacji) VALUES (110, 34, '2013-12-14');
INSERT INTO zamowienia (idzamowienia, idklienta, datarealizacji) VALUES (111, 35, '2013-12-14');
INSERT INTO zamowienia (idzamowienia, idklienta, datarealizacji) VALUES (112, 56, '2013-12-14');
INSERT INTO zamowienia (idzamowienia, idklienta, datarealizacji) VALUES (113, 1, '2013-12-14');
INSERT INTO zamowienia (idzamowienia, idklienta, datarealizacji) VALUES (114, 1, '2013-12-15');
INSERT INTO zamowienia (idzamowienia, idklienta, datarealizacji) VALUES (115, 37, '2013-12-15');
INSERT INTO zamowienia (idzamowienia, idklienta, datarealizacji) VALUES (116, 38, '2013-12-15');
INSERT INTO zamowienia (idzamowienia, idklienta, datarealizacji) VALUES (117, 39, '2013-12-15');
INSERT INTO zamowienia (idzamowienia, idklienta, datarealizacji) VALUES (118, 40, '2013-12-15');
INSERT INTO zamowienia (idzamowienia, idklienta, datarealizacji) VALUES (119, 42, '2013-12-15');
INSERT INTO zamowienia (idzamowienia, idklienta, datarealizacji) VALUES (120, 43, '2013-12-15');
INSERT INTO zamowienia (idzamowienia, idklienta, datarealizacji) VALUES (121, 44, '2013-12-16');
INSERT INTO zamowienia (idzamowienia, idklienta, datarealizacji) VALUES (122, 63, '2013-12-16');
INSERT INTO zamowienia (idzamowienia, idklienta, datarealizacji) VALUES (123, 73, '2013-12-16');
INSERT INTO zamowienia (idzamowienia, idklienta, datarealizacji) VALUES (124, 28, '2013-12-16');
INSERT INTO zamowienia (idzamowienia, idklienta, datarealizacji) VALUES (125, 63, '2013-12-16');
INSERT INTO zamowienia (idzamowienia, idklienta, datarealizacji) VALUES (126, 44, '2013-12-16');
INSERT INTO zamowienia (idzamowienia, idklienta, datarealizacji) VALUES (127, 46, '2013-12-16');
INSERT INTO zamowienia (idzamowienia, idklienta, datarealizacji) VALUES (128, 47, '2013-12-17');
INSERT INTO zamowienia (idzamowienia, idklienta, datarealizacji) VALUES (129, 48, '2013-12-17');
INSERT INTO zamowienia (idzamowienia, idklienta, datarealizacji) VALUES (130, 49, '2013-12-17');
INSERT INTO zamowienia (idzamowienia, idklienta, datarealizacji) VALUES (131, 84, '2013-12-17');
INSERT INTO zamowienia (idzamowienia, idklienta, datarealizacji) VALUES (132, 85, '2013-12-17');
INSERT INTO zamowienia (idzamowienia, idklienta, datarealizacji) VALUES (133, 56, '2013-12-17');
INSERT INTO zamowienia (idzamowienia, idklienta, datarealizacji) VALUES (134, 79, '2013-12-17');
INSERT INTO zamowienia (idzamowienia, idklienta, datarealizacji) VALUES (136, 73, '2013-12-18');
INSERT INTO zamowienia (idzamowienia, idklienta, datarealizacji) VALUES (137, 73, '2013-12-18');
INSERT INTO zamowienia (idzamowienia, idklienta, datarealizacji) VALUES (138, 44, '2013-12-18');
INSERT INTO zamowienia (idzamowienia, idklienta, datarealizacji) VALUES (139, 11, '2013-12-18');
INSERT INTO zamowienia (idzamowienia, idklienta, datarealizacji) VALUES (140, 86, '2013-12-18');
INSERT INTO zamowienia (idzamowienia, idklienta, datarealizacji) VALUES (141, 4, '2013-12-18');
INSERT INTO zamowienia (idzamowienia, idklienta, datarealizacji) VALUES (142, 50, '2013-12-19');
INSERT INTO zamowienia (idzamowienia, idklienta, datarealizacji) VALUES (143, 51, '2013-12-19');
INSERT INTO zamowienia (idzamowienia, idklienta, datarealizacji) VALUES (144, 52, '2013-12-19');
INSERT INTO zamowienia (idzamowienia, idklienta, datarealizacji) VALUES (145, 16, '2013-12-19');
INSERT INTO zamowienia (idzamowienia, idklienta, datarealizacji) VALUES (146, 25, '2013-12-19');
INSERT INTO zamowienia (idzamowienia, idklienta, datarealizacji) VALUES (147, 53, '2013-12-19');
INSERT INTO zamowienia (idzamowienia, idklienta, datarealizacji) VALUES (148, 54, '2013-12-19');
INSERT INTO zamowienia (idzamowienia, idklienta, datarealizacji) VALUES (149, 55, '2013-12-20');


INSERT INTO zawartosc (idpudelka, idczekoladki, sztuk) VALUES ('alls', 'b02', 2);
INSERT INTO zawartosc (idpudelka, idczekoladki, sztuk) VALUES ('alls', 'b04', 2);
INSERT INTO zawartosc (idpudelka, idczekoladki, sztuk) VALUES ('alls', 'b05', 2);
INSERT INTO zawartosc (idpudelka, idczekoladki, sztuk) VALUES ('alls', 'm01', 2);
INSERT INTO zawartosc (idpudelka, idczekoladki, sztuk) VALUES ('alls', 'm09', 2);
INSERT INTO zawartosc (idpudelka, idczekoladki, sztuk) VALUES ('alls', 'm12', 2);
INSERT INTO zawartosc (idpudelka, idczekoladki, sztuk) VALUES ('alpi', 'm12', 4);
INSERT INTO zawartosc (idpudelka, idczekoladki, sztuk) VALUES ('alpi', 'b04', 5);
INSERT INTO zawartosc (idpudelka, idczekoladki, sztuk) VALUES ('alpi', 'm01', 5);
INSERT INTO zawartosc (idpudelka, idczekoladki, sztuk) VALUES ('alpi', 'b02', 4);
INSERT INTO zawartosc (idpudelka, idczekoladki, sztuk) VALUES ('autu', 'm05', 6);
INSERT INTO zawartosc (idpudelka, idczekoladki, sztuk) VALUES ('autu', 'b03', 6);
INSERT INTO zawartosc (idpudelka, idczekoladki, sztuk) VALUES ('autu', 'w01', 6);
INSERT INTO zawartosc (idpudelka, idczekoladki, sztuk) VALUES ('autu', 'm08', 6);
INSERT INTO zawartosc (idpudelka, idczekoladki, sztuk) VALUES ('bitt', 'b07', 4);
INSERT INTO zawartosc (idpudelka, idczekoladki, sztuk) VALUES ('bitt', 'b04', 5);
INSERT INTO zawartosc (idpudelka, idczekoladki, sztuk) VALUES ('bitt', 'b05', 5);
INSERT INTO zawartosc (idpudelka, idczekoladki, sztuk) VALUES ('bitt', 'b06', 5);
INSERT INTO zawartosc (idpudelka, idczekoladki, sztuk) VALUES ('bitt', 'b02', 5);
INSERT INTO zawartosc (idpudelka, idczekoladki, sztuk) VALUES ('cher', 'b07', 4);
INSERT INTO zawartosc (idpudelka, idczekoladki, sztuk) VALUES ('cher', 'm11', 4);
INSERT INTO zawartosc (idpudelka, idczekoladki, sztuk) VALUES ('cher', 'd07', 4);
INSERT INTO zawartosc (idpudelka, idczekoladki, sztuk) VALUES ('fudg', 'f01', 9);
INSERT INTO zawartosc (idpudelka, idczekoladki, sztuk) VALUES ('fudg', 'b03', 4);
INSERT INTO zawartosc (idpudelka, idczekoladki, sztuk) VALUES ('fudg', 'f02', 9);
INSERT INTO zawartosc (idpudelka, idczekoladki, sztuk) VALUES ('fudg', 'b05', 4);
INSERT INTO zawartosc (idpudelka, idczekoladki, sztuk) VALUES ('fudg', 'b04', 4);
INSERT INTO zawartosc (idpudelka, idczekoladki, sztuk) VALUES ('heav', 'm14', 2);
INSERT INTO zawartosc (idpudelka, idczekoladki, sztuk) VALUES ('heav', 'd06', 2);
INSERT INTO zawartosc (idpudelka, idczekoladki, sztuk) VALUES ('heav', 'm16', 3);
INSERT INTO zawartosc (idpudelka, idczekoladki, sztuk) VALUES ('heav', 'b08', 3);
INSERT INTO zawartosc (idpudelka, idczekoladki, sztuk) VALUES ('heav', 'm15', 2);
INSERT INTO zawartosc (idpudelka, idczekoladki, sztuk) VALUES ('inte', 'd08', 6);
INSERT INTO zawartosc (idpudelka, idczekoladki, sztuk) VALUES ('inte', 'd09', 6);
INSERT INTO zawartosc (idpudelka, idczekoladki, sztuk) VALUES ('inte', 'w06', 6);
INSERT INTO zawartosc (idpudelka, idczekoladki, sztuk) VALUES ('inte', 'm05', 6);
INSERT INTO zawartosc (idpudelka, idczekoladki, sztuk) VALUES ('isla', 'm08', 6);
INSERT INTO zawartosc (idpudelka, idczekoladki, sztuk) VALUES ('isla', 'd08', 6);
INSERT INTO zawartosc (idpudelka, idczekoladki, sztuk) VALUES ('isla', 'm15', 6);
INSERT INTO zawartosc (idpudelka, idczekoladki, sztuk) VALUES ('isla', 'w02', 6);
INSERT INTO zawartosc (idpudelka, idczekoladki, sztuk) VALUES ('love', 'd02', 4);
INSERT INTO zawartosc (idpudelka, idczekoladki, sztuk) VALUES ('love', 'm06', 4);
INSERT INTO zawartosc (idpudelka, idczekoladki, sztuk) VALUES ('love', 'w03', 4);
INSERT INTO zawartosc (idpudelka, idczekoladki, sztuk) VALUES ('marz', 'm08', 3);
INSERT INTO zawartosc (idpudelka, idczekoladki, sztuk) VALUES ('marz', 'm05', 3);
INSERT INTO zawartosc (idpudelka, idczekoladki, sztuk) VALUES ('marz', 'd11', 3);
INSERT INTO zawartosc (idpudelka, idczekoladki, sztuk) VALUES ('marz', 'b03', 3);
INSERT INTO zawartosc (idpudelka, idczekoladki, sztuk) VALUES ('marz', 'w01', 3);
INSERT INTO zawartosc (idpudelka, idczekoladki, sztuk) VALUES ('marz', 'm16', 3);
INSERT INTO zawartosc (idpudelka, idczekoladki, sztuk) VALUES ('nort', 'b05', 4);
INSERT INTO zawartosc (idpudelka, idczekoladki, sztuk) VALUES ('nort', 'd09', 4);
INSERT INTO zawartosc (idpudelka, idczekoladki, sztuk) VALUES ('nort', 'm05', 4);
INSERT INTO zawartosc (idpudelka, idczekoladki, sztuk) VALUES ('nort', 'm10', 4);
INSERT INTO zawartosc (idpudelka, idczekoladki, sztuk) VALUES ('nort', 'w01', 4);
INSERT INTO zawartosc (idpudelka, idczekoladki, sztuk) VALUES ('nort', 'w02', 4);
INSERT INTO zawartosc (idpudelka, idczekoladki, sztuk) VALUES ('paci', 'm18', 3);
INSERT INTO zawartosc (idpudelka, idczekoladki, sztuk) VALUES ('paci', 'm17', 3);
INSERT INTO zawartosc (idpudelka, idczekoladki, sztuk) VALUES ('paci', 'd04', 3);
INSERT INTO zawartosc (idpudelka, idczekoladki, sztuk) VALUES ('paci', 'w02', 3);
INSERT INTO zawartosc (idpudelka, idczekoladki, sztuk) VALUES ('pean', 'm04', 18);
INSERT INTO zawartosc (idpudelka, idczekoladki, sztuk) VALUES ('roma', 'b02', 3);
INSERT INTO zawartosc (idpudelka, idczekoladki, sztuk) VALUES ('roma', 'd04', 3);
INSERT INTO zawartosc (idpudelka, idczekoladki, sztuk) VALUES ('roma', 'd02', 3);
INSERT INTO zawartosc (idpudelka, idczekoladki, sztuk) VALUES ('roma', 'd09', 3);
INSERT INTO zawartosc (idpudelka, idczekoladki, sztuk) VALUES ('roma', 'm06', 3);
INSERT INTO zawartosc (idpudelka, idczekoladki, sztuk) VALUES ('roma', 'm07', 3);
INSERT INTO zawartosc (idpudelka, idczekoladki, sztuk) VALUES ('roma', 'm10', 3);
INSERT INTO zawartosc (idpudelka, idczekoladki, sztuk) VALUES ('roma', 'w03', 3);
INSERT INTO zawartosc (idpudelka, idczekoladki, sztuk) VALUES ('supr', 'd06', 2);
INSERT INTO zawartosc (idpudelka, idczekoladki, sztuk) VALUES ('supr', 'd03', 2);
INSERT INTO zawartosc (idpudelka, idczekoladki, sztuk) VALUES ('supr', 'd01', 2);
INSERT INTO zawartosc (idpudelka, idczekoladki, sztuk) VALUES ('supr', 'm02', 2);
INSERT INTO zawartosc (idpudelka, idczekoladki, sztuk) VALUES ('supr', 'm03', 2);
INSERT INTO zawartosc (idpudelka, idczekoladki, sztuk) VALUES ('supr', 'w06', 2);
INSERT INTO zawartosc (idpudelka, idczekoladki, sztuk) VALUES ('swe2', 'b04', 6);
INSERT INTO zawartosc (idpudelka, idczekoladki, sztuk) VALUES ('swe2', 'm06', 6);
INSERT INTO zawartosc (idpudelka, idczekoladki, sztuk) VALUES ('swe2', 'm04', 6);
INSERT INTO zawartosc (idpudelka, idczekoladki, sztuk) VALUES ('swee', 'b07', 3);
INSERT INTO zawartosc (idpudelka, idczekoladki, sztuk) VALUES ('swee', 'b06', 3);
INSERT INTO zawartosc (idpudelka, idczekoladki, sztuk) VALUES ('swee', 'b04', 3);
INSERT INTO zawartosc (idpudelka, idczekoladki, sztuk) VALUES ('swee', 'b02', 2);
INSERT INTO zawartosc (idpudelka, idczekoladki, sztuk) VALUES ('swee', 'b05', 3);
INSERT INTO zawartosc (idpudelka, idczekoladki, sztuk) VALUES ('swee', 'm01', 2);
INSERT INTO zawartosc (idpudelka, idczekoladki, sztuk) VALUES ('swee', 'm13', 2);
INSERT INTO zawartosc (idpudelka, idczekoladki, sztuk) VALUES ('swee', 'm12', 2);
INSERT INTO zawartosc (idpudelka, idczekoladki, sztuk) VALUES ('swee', 'm11', 2);
INSERT INTO zawartosc (idpudelka, idczekoladki, sztuk) VALUES ('swee', 'm09', 2);

